Student ID,Student Name,Department,Semester,Academic Year,Course Name,Attendance %,Internal 1,Internal 2,Assignment Score,Quiz Score,Final Exam Score,Previous GPA,Study Hours/Week,LMS Activity,Assignment Completion %
S1047,David Miller,Information Technology,3,2025-2026,Information Security,83.2,22.9,18.7,57.7,62.4,74.6,8.67,18.2,21,64.5
S1022,Ishaan Verma,Computer Science,8,2025-2026,Programming in C,86.9,23.4,26.8,89.6,95.7,96.1,7.85,24.8,171,94.3
S1074,Krishna Reddy,Electrical Engineering,2,2025-2026,Power Electronics,84.8,22.0,24.2,76.1,81.2,61.4,9.51,9.2,124,81.0
S1084,Kavya Nair,Information Technology,8,2025-2026,Programming in C,,16.1,16.6,39.1,73.7,59.1,6.15,8.6,88,53.6
S1034,Pranav Gupta,Civil Engineering,3,2025-2026,Geotechnical Engineering,89.1,22.2,24.0,79.3,67.5,72.9,5.66,19.7,168,84.3
S1012,Aditya Patel,Mechanical Engineering,7,2025-2026,Mathematics,91.2,23.7,24.1,67.8,69.0,71.7,9.79,16.3,64,64.8
S1132,Emily Davis,Computer Science,7,2025-2026,Data Structures,75.0,18.3,19.6,43.5,66.0,53.2,6.07,7.3,71,44.9
S1058,David Miller,Mechanical Engineering,7,2025-2026,Mathematics,88.7,20.1,22.0,61.6,62.7,76.7,8.93,9.0,98,68.5
S1142,James Taylor,Electrical Engineering,1,2025-2026,Control Systems,81.0,21.6,20.1,59.2,90.6,65.4,9.41,23.9,16,72.3
S1092,Patricia Jackson,Information Technology,2,2025-2026,Web Development,84.1,17.9,21.7,65.5,73.1,72.7,7.3,8.2,118,69.5
S1112,Tanvi Bose,Mechanical Engineering,2,2025-2026,CAD/CAM,89.5,19.0,18.5,73.6,62.0,65.6,9.35,11.8,71,71.4
S1096,Ananya Rao,Information Technology,6,2025-2026,Computer Networks,85.1,24.1,23.3,65.0,67.4,72.5,9.28,16.6,140,67.6
S1113,Arjun Singh,Civil Engineering,7,2025-2026,Structural Analysis,67.7,11.8,12.2,61.6,63.4,33.1,7.83,3.5,80,57.7
S1079,Rohan Das,Civil Engineering,7,2025-2026,Structural Analysis,83.1,23.5,22.8,68.4,80.9,72.0,7.89,18.6,55,73.3
S1134,Sarah Wilson,Electrical Engineering,4,2025-2026,Circuit Theory,78.3,22.6,23.1,81.6,73.9,63.2,7.95,21.9,51,81.3
S1035, Robert Thomas,  Information Technology  ,1,2025-2026,Web Development,84.5,19.8,23.7,60.4,71.3,50.6,5.59,19.6,85,56.0
S1113,Arjun Singh,Civil Engineering,7,2025-2026,Transportation Engineering,79.8,16.7,16.5,54.7,49.2,64.2,7.83,3.5,80,50.1
S1073,Emily Davis,Computer Science,7,2025-2026,Database Management Systems,76.8,18.9,14.1,48.6,63.2,51.8,5.86,7.3,152,55.7
S1139,Aditya Patel,Civil Engineering,4,2025-2026,Mathematics,92.0,19.0,21.7,58.3,67.7,70.9,8.38,10.1,138,65.7
S1124,Emily Davis,Civil Engineering,3,2025-2026,Transportation Engineering,80.5,18.9,18.2,64.3,60.4,78.7,6.39,18.5,102,78.1
S1066,Ananya Rao,Mechanical Engineering,4,2025-2026,CAD/CAM,88.1,21.5,17.8,70.8,59.6,49.4,6.54,14.2,59,74.6
S1036,Meera Joshi,Information Technology,6,2025-2026,Computer Networks,78.1,16.3,19.9,33.6,59.9,35.0,5.83,2.4,154,40.7
S1093,Emily Davis,Mechanical Engineering,2,2025-2026,CAD/CAM,83.5,21.3,20.3,48.4,71.6,56.9,6.91,11.6,115,60.6
S1008,Michael Johnson,Mechanical Engineering,5,2025-2026,Mathematics,80.7,17.9,17.9,60.5,62.5,51.0,9.38,10.1,75,59.8
S1109,Meera Joshi,Civil Engineering,6,2025-2026,Mathematics,96.2,29.3,21.7,62.0,97.8,69.8,7.06,24.4,125,71.6
S1005,Sarah Wilson,Electrical Engineering,3,2025-2026,Signals and Systems ,79.6,22.6,19.8,69.9,59.4,59.7,7.86,13.2,57,72.4
S1062,Krishna Reddy,Information Technology,4,2025-2026,Programming in C,81.2,24.7,18.0,49.5,78.8,69.7,5.74,17.7,134,62.1
S1062,Krishna Reddy,Information Technology,4,2025-2026,Computer Networks,77.3,20.0,-2.5,73.7,81.1,55.6,5.74,17.7,134,71.0
S1027,Robert Thomas,Electrical Engineering,4,2025-2026,Control Systems,78.3,22.4,27.0,67.2,70.5,71.4,9.46,17.8,107,66.8
S1081,Sanya Malhotra,Mechanical Engineering,3,2025-2026,mathematics,85.7,20.9,19.5,43.4,66.6,71.6,5.88,10.6,115,56.6
S1106,Vivaan Kapoor,Computer Science,6,2025-2026,Database Management Systems,82.0,20.5,24.5,78.9,56.7,70.3,,15.2,41,79.2
S1101,Aditya Patel,Mechanical Engineering,5,2025-2026,Thermodynamics,81.4,18.4,16.9,60.7,72.8,70.1,8.97,3.8,163,75.6
S1026,Aarav Sharma,Mechanical Engineering,2,2025-2026,Mathematics,85.6,22.6,22.6,65.3,87.6,75.1,9.44,13.9,71,82.5
S1090,Meera Joshi,Electrical Engineering,1,2025-2026,Control Systems,86.1,26.8,22.9,77.2,80.1,70.6,9.25,15.6,141,82.0
S1038,Arjun Singh,Electrical Engineering,1,2025-2026,Power Electronics,69.4,19.5,17.5,65.5,69.4,58.7,6.98,4.6,130,63.3
S1094,Rohan Das,Electrical Engineering,5,2025-2026,Circuit Theory,74.5,17.8,19.1,49.1,55.3,57.2,6.72,19.7,79,61.8
S1118,Kavya Nair,Information Technology,6,2025-2026,Computer Networks,93.8,28.2,22.2,66.4,92.9,95.0,8.88,19.2,149,71.1
S1058,David Miller,Mechanical Engineering,7,2025-2026,CAD/CAM,84.2,23.4,22.6,60.2,64.0,51.7,8.93,9.0,98,73.7
S1104,John Doe,Information Technology,8,2025-2026,Computer Networks,74.1,15.4,21.4,52.6,64.1,52.5,7.81,5.8,102,63.9
S1002,Tanvi Bose,Computer Science,4,2025-2026,mathematics,71.2,20.0,17.2,52.4,51.3,55.4,5.8,16.5,32,65.8
S1041,Sarah Wilson,Computer Science,2,2025-2026,Programming in C,74.1,19.0,21.2,54.7,72.2,56.3,8.67,12.0,56,59.8
S1065,Patricia Jackson,Computer Science,8,2025-2026,Machine Learning,91.7,25.1,25.0,71.4,79.9,71.6,6.5,19.1,160,86.0
S1023,Michael Johnson,Mechanical Engineering,7,2025-2026,Fluid Mechanics,75.7,20.3,17.9,37.4,64.9,46.2,7.05,2.5,169,46.3
S1131,Robert Thomas,Electrical Engineering,6,2025-2026,Power Electronics ,78.8,26.7,22.9,77.8,80.8,85.8,8.97,23.5,18,75.3
S1060,Aditya Patel,Electrical Engineering,2,2025-2026,Signals and Systems,75.9,19.3,13.2,61.6,45.2,50.6,6.18,11.4,30,61.7
S1063,John Doe,Electrical Engineering,8,2025-2026,Power Electronics,73.2,17.5,16.9,42.9,58.4,58.5,8.23,7.9,53,55.9
S1112,Tanvi Bose,Mechanical Engineering,2,2025-2026,Thermodynamics,88.7,19.6,23.8,77.4,61.0,59.9,9.35,11.8,71,81.0
S1077,Aarav Sharma,Electrical Engineering,3,2025-2026,Signals and Systems,72.0,14.7,16.2,54.6,70.0,72.0,7.07,16.3,35,57.3
S1085,Emily Davis,Information Technology,5,2025-2026,computer networks,87.3,25.1,22.0,82.6,64.7,67.3,8.68,19.5,71,80.8
S1047,David Miller,Information Technology,3,2025-2026,Mathematics,88.6,20.5,25.2,71.7,72.1,72.4,8.67,18.2,21,78.1
S1021,Linda Anderson,Mechanical Engineering,8,2025-2026,Thermodynamics,90.2,23.4,22.6,54.7,76.1,56.2,5.98,13.1,136,65.8
S1050,Rohan Das,Mechanical Engineering,3,2025-2026,Fluid Mechanics,82.8,24.3,28.2,85.6,89.2,74.5,9.23,24.0,68,85.1
S1031,Sanya Malhotra,Computer Science,1,2025-2026,Programming in C,73.3,16.7,23.3,71.3,56.3,53.4,5.82,17.0,104,73.7
S1018,Ishaan Verma,Electrical Engineering,3,2025-2026,Power Electronics,79.9,23.0,26.7,72.5,87.9,79.7,7.13,24.2,118,79.4
S1028,Sanya Malhotra,Civil Engineering,8,2025-2026,Geotechnical Engineering,72.9,19.4,20.8,58.5,64.1,71.0,7.99,15.6,49,70.0
S1106,Vivaan Kapoor,Computer Science,6,2025-2026,Machine Learning,74.7,21.9,21.0,71.3,77.3,54.1,8.95,15.2,41,72.6
S1016,David Miller,Electrical Engineering,2,2025-2026,Signals and Systems,72.8,23.2,22.2,40.8,56.5,47.0,8.5,10.9,82,55.9
S1067,Vivaan Kapoor,Information Technology,8,2025-2026,Programming in C,85.4,19.5,19.1,61.1,82.2,77.2,6.22,19.9,38,60.4
S1118,Kavya Nair,Information Technology,6,2025-2026,Mathematics,85.3,21.7,24.0,,89.4,73.2,8.88,19.2,149,86.3
S1044,Tanvi Bose,Information Technology,8,2025-2026,Mathematics,77.6,21.0,22.3,61.6,59.8,46.6,6.57,15.2,47,66.8
S1123,Meera Joshi,Computer Science,2,2025-2026,Database Management Systems,93.1,24.4,18.5,67.2,70.1,69.0,6.58,16.6,127,65.9
S1078,Jane Smith,Computer Science,8,2025-2026,Machine Learning,72.5,12.8,16.3,43.4,64.9,45.2,7.21,2.4,85,48.4
S1020,Michael Johnson,Civil Engineering,1,2025-2026,Mathematics,81.9,22.7,23.4,70.2,81.7,65.8,8.24,17.3,78,80.9
S1023,Michael Johnson,Mechanical Engineering,7,2025-2026,CAD/CAM,79.9,15.0,16.1,52.2,61.2,58.6,7.05,2.5,169,59.0
S1090,Meera Joshi,Electrical Engineering,1,2025-2026,Circuit Theory,80.1,25.7,21.9,67.5,66.3,71.7,9.25,15.6,141,71.4
S1050,Rohan Das,Mechanical Engineering,3,2025-2026,Machine Design,92.3,23.9,23.1,73.4,99.7,69.1,9.23,24.0,68,74.6
S1058,David Miller,Mechanical Engineering,7,2025-2026,Machine Design,74.2,22.8,19.4,38.8,55.5,57.7,8.93,9.0,98,50.1
S1133,John Doe,Information Technology,5,2025-2026,Mathematics,82.9,17.7,19.1,55.4,59.2,71.3,8.28,9.8,106,62.6
S1094,Rohan Das,Electrical Engineering,5,2025-2026,Power Electronics,84.7,21.0,22.6,61.2,63.0,75.9,6.72,19.7,79,70.3
S1099,Michael Johnson,Mechanical Engineering,1,2025-2026,Machine Design,71.3,20.9,19.0,56.2,52.2,60.7,6.99,7.9,107,55.3
S1127,Linda Anderson,Mechanical Engineering,5,2025-2026,Fluid Mechanics,73.5,13.4,14.3,43.7,58.0,38.5,7.91,5.8,19,54.1
S1017,Meera Joshi,Mechanical Engineering,3,2025-2026,Mathematics,75.1,14.1,14.2,42.0,51.7,49.9,7.06,5.2,38,40.0
S1083,James Taylor,Civil Engineering,3,2025-2026,Mathematics,80.0,21.3,23.2,53.6,78.0,77.4,8.48,17.2,110,67.1
S1128,Aarav Sharma,Information Technology,3,2025-2026,Mathematics,77.4,17.2,15.6,56.9,56.7,45.7,6.87,4.5,132,56.8
S1052,Meera Joshi,Computer Science,5,2025-2026,Mathematics,89.8,25.8,25.0,82.5,81.3,60.0,8.61,20.9,17,84.2
S1110,Aarav Sharma,Electrical Engineering,1,2025-2026,Circuit Theory,80.1,15.1,15.5,67.0,45.9,51.8,8.91,7.1,17,68.2
S1034,Pranav Gupta,Civil Engineering,3,2025-2026,Mathematics,84.6,21.3,22.2,51.5,81.2,74.5,5.66,19.7,168,68.3
S1065,Patricia Jackson,Computer Science,8,2025-2026,Data Structures,84.6,23.2,25.9,61.0,68.1,68.1,6.5,19.1,160,77.5
S1102,Ishaan Verma,Civil Engineering,7,2025-2026,Mathematics,88.5,20.0,26.5,75.0,85.0,65.8,9.2,19.7,45,80.3
S1019,Robert Thomas,Mechanical Engineering,6,2025-2026,CAD/CAM,84.4,16.3,14.4,52.3,57.9,62.6,5.66,10.2,109,63.7
S1052,Meera Joshi,Computer Science,5,2025-2026,Machine Learning,79.8,23.8,25.2,68.1,83.0,53.5,8.61,20.9,17,77.3
S1024,Siddharth Sen,Mechanical Engineering,8,2025-2026,Fluid Mechanics,90.9,21.9,24.5,69.5,78.2,65.5,8.74,21.7,75,68.2
S1087,Kavya Nair,Civil Engineering,1,2025-2026,Geotechnical Engineering,90.2,26.3,22.6,54.7,71.4,86.9,7.14,23.5,77,64.4
S1075,Krishna Reddy,Computer Science,5,2025-2026,Mathematics,85.1,20.8,23.5,47.1,55.6,70.0,7.1,5.7,177,51.2
S1105,Vivaan Kapoor,Computer Science,5,2025-2026,Machine Learning,83.0,21.2,20.1,67.3,57.6,48.8,8.1,8.2,113,74.7
S1013,Tanvi Bose,Information Technology,1,2025-2026,Computer Networks,87.3,22.1,19.6,71.9,69.4,79.1,9.01,13.4,68,72.8
S1150,Diya Iyer,Electrical Engineering,4,2025-2026,Mathematics,86.4,16.9,22.7,58.8,78.1,60.3,8.3,17.0,18,68.6
S1085,Emily Davis,Information Technology,5,2025-2026,Mathematics,82.0,21.9,26.4,69.2,65.9,63.0,8.68,19.5,71,66.6
S1026,Aarav Sharma,Mechanical Engineering,2,2025-2026,Thermodynamics,77.4,22.0,22.6,49.6,66.0,59.1,9.44,13.9,71,61.3
S1110,Aarav Sharma,Electrical Engineering,1,2025-2026,Mathematics,81.7,15.4,16.5,52.5,52.8,38.8,8.91,7.1,17,48.8
S1030,Linda Anderson,Mechanical Engineering,3,2025-2026,Thermodynamics,69.0,14.0,20.2,40.6,62.0,59.7,9.43,7.0,34,42.9
S1005,Sarah Wilson,Electrical Engineering,3,2025-2026,Power Electronics,79.5,21.6,17.9,58.1,77.3,55.4,7.86,13.2,57,72.4
S1056,Tanvi Bose,Information Technology,2,2025-2026,Information Security,82.2,25.7,24.4,71.0,76.8,80.4,6.48,19.0,169,86.6
S1036,Meera Joshi,Information Technology,6,2025-2026,Mathematics,67.0,14.3,13.3,44.2,46.6,45.6,5.83,2.4,154,49.1
S1120,Aarav Sharma,Electrical Engineering,6,2025-2026,Power Electronics,80.1,20.9,16.3,55.0,62.7,75.4,8.75,11.1,64,52.9
S1074,Krishna Reddy,Electrical Engineering,2,2025-2026,Mathematics,89.8,20.4,23.9,65.2,83.4,83.3,9.51,9.2,124,81.1
S1073,Emily Davis,Computer Science,7,2025-2026,machine learning,69.0,20.1,17.8,41.5,55.1,59.2,5.86,7.3,152,50.1
S1064, Sanya Malhotra,  Electrical Engineering  ,7,2025-2026,Mathematics ,78.1,-2.5,21.1,54.4,65.8,58.7,6.84,7.6,112,51.3
S1127,Linda Anderson,Mechanical Engineering,5,2025-2026,Thermodynamics,72.0,19.4,14.2,46.8,48.2,58.3,7.91,5.8,19,57.0
S1107,Krishna Reddy,Information Technology,7,2025-2026,Information Security,77.7,23.6,19.5,53.1,67.3,50.3,8.38,14.3,37,57.9
S1132,Emily Davis,Computer Science,7,2025-2026,Database Management Systems,77.1,12.5,13.0,38.9,66.0,34.6,6.07,7.3,71,44.8
S1146,Tanvi Bose,Mechanical Engineering,1,2025-2026,machine design,91.7,26.8,21.2,65.6,72.1,69.6,7.09,24.8,67,73.8
S1044,Tanvi Bose,Information Technology,8,2025-2026,Computer Networks,-8.0,16.1,20.1,43.0,52.2,61.7,6.57,15.2,47,54.7
S1123,Meera Joshi,Computer Science,2,2025-2026,Machine Learning,91.7,18.7,21.7,79.0,72.0,56.0,6.58,16.6,127,82.2
S1001,Ananya Rao,Computer Science,3,2025-2026,Programming in C,94.3,27.4,25.4,83.1,76.0,95.3,8.35,18.2,171,90.1
S1010,Ananya Rao,Mechanical Engineering,7,2025-2026,Thermodynamics,90.0,19.8,24.6,60.2,58.5,61.0,8.82,14.0,67,68.0
S1087,Kavya Nair,Civil Engineering,1,2025-2026,Geotechnical Engineering,90.2,26.3,22.6,54.7,71.4,86.9,7.14,23.5,77,64.4
S1138,David Miller,Computer Science,8,2025-2026,Programming in C,90.0,29.4,28.7,79.7,93.6,91.0,9.16,21.4,174,77.7
S1094,Rohan Das,Electrical Engineering,5,2025-2026,Signals and Systems,89.1,21.0,24.4,72.2,87.9,55.5,6.72,19.7,79,77.8
S1019,Robert Thomas,Mechanical Engineering,6,2025-2026,Thermodynamics,71.0,15.4,14.1,40.4,64.0,58.3,5.66,10.2,109,52.4
S1014,Patricia Jackson,Mechanical Engineering,1,2025-2026,Machine Design,87.8,24.0,25.7,75.2,88.5,87.7,9.02,18.1,161,77.4
S1036,Meera Joshi,Information Technology,6,2025-2026,Programming in C,70.2,12.2,13.7,40.0,63.8,53.5,5.83,2.4,154,54.9
S1051,Ananya Rao,Computer Science,2,2025-2026,Mathematics,76.3,19.3,19.1,51.8,59.2,66.1,8.66,3.8,116,58.4
S1029,Patricia Jackson,Computer Science,4,2025-2026,Database Management Systems,75.2,21.0,16.1,42.2,67.3,48.3,5.87,6.8,180,57.8
S1024,Siddharth Sen,Mechanical Engineering,8,2025-2026,Mathematics,79.7,22.0,26.8,75.7,84.8,63.7,8.74,21.7,75,87.7
S1105,Vivaan Kapoor,Computer Science,5,2025-2026,data structures,85.5,19.8,21.3,43.0,62.0,69.2,8.1,8.2,113,56.7
S1041,Sarah Wilson,Computer Science,2,2025-2026,Data Structures,85.8,45.0,17.3,73.0,80.1,55.4,8.67,12.0,56,73.2
S1035,Robert Thomas,Information Technology,1,2025-2026,Information Security,77.5,20.0,19.7,72.0,68.0,57.3,5.59,19.6,85,70.6
S1117,Aarav Sharma,Civil Engineering,5,2025-2026,Geotechnical Engineering,78.5,17.4,15.9,48.3,49.3,55.4,5.66,5.4,149,42.7
S1003,Diya Iyer,Electrical Engineering,2,2025-2026,circuit theory,83.1,23.2,19.3,53.1,72.7,59.2,6.03,9.9,176,66.7
S1010,Ananya Rao,Mechanical Engineering,7,2025-2026,CAD/CAM,77.8,22.7,17.4,60.7,62.6,64.5,8.82,14.0,67,67.5
S1080,Pranav Gupta,Mechanical Engineering,1,2025-2026,Machine Design,76.7,20.4,20.2,58.3,58.6,53.7,7.43,20.7,64,73.4
S1009,David Miller,Computer Science,3,2025-2026,Database Management Systems,73.4,20.6,16.4,51.6,75.9,57.6,9.68,2.4,157,55.5
S1142,James Taylor,Electrical Engineering,1,2025-2026,Signals and Systems,97.1,23.1,21.2,68.2,97.2,66.4,9.41,23.9,16,73.1
S1004,Arjun Singh,Computer Science,4,2025-2026,Database Management Systems,94.7,23.2,30.0,80.5,92.7,72.4,8.35,22.0,172,87.9
S1057,Sanya Malhotra,Computer Science,3,2025-2026,Database Management Systems,75.7,17.4,14.9,45.6,47.0,66.6,9.29,5.0,49,54.8
S1095,Michael Johnson,Civil Engineering,5,2025-2026,Surveying,71.9,16.1,15.7,42.3,54.1,58.8,6.05,3.5,137,49.0
S1081,Sanya Malhotra,Mechanical Engineering,3,2025-2026,Fluid Mechanics,75.8,19.3,20.5,42.3,64.9,53.3,5.88,10.6,115,46.3
S1127,Linda Anderson,Mechanical Engineering,5,2025-2026,CAD/CAM,77.2,15.8,16.6,41.4,43.7,35.1,7.91,5.8,19,39.9
S1145, Krishna Reddy,  Civil Engineering  ,3,2025-2026,Surveying,73.3,19.4,22.6,61.8,55.2,53.3,6.56,18.9,40,61.4
S1068,Robert Thomas,Electrical Engineering,4,2025-2026,Control Systems,97.6,24.9,27.6,83.0,91.8,85.0,9.51,22.6,164,92.8
S1104,John Doe,Information Technology,8,2025-2026,Web Development,82.0,14.7,15.6,49.9,75.8,66.0,7.81,5.8,102,47.1
S1045,Pranav Gupta,Computer Science,5,2025-2026,Data Structures,96.1,25.8,27.5,78.1,78.5,90.6,9.24,21.1,148,84.1
S1116,Arjun Singh,Information Technology,1,2025-2026,Computer Networks,85.0,19.9,23.7,50.0,78.1,69.8,7.93,12.7,88,59.0
S1016,David Miller,Electrical Engineering,2,2025-2026,Power Electronics,85.1,16.8,20.0,57.8,55.0,71.2,8.5,10.9,82,64.5
S1141,Emily Davis,Civil Engineering,1,2025-2026,Surveying ,71.4,22.0,18.6,39.2,56.2,61.3,8.88,3.1,180,51.3
S1119,Sanya Malhotra,Computer Science,5,2025-2026,Data Structures,82.0,18.3,22.1,40.5,59.1,76.8,6.73,11.3,176,55.7
S1098,Ishaan Verma,Electrical Engineering,8,2025-2026,Control Systems,81.0,21.4,27.2,83.3,91.9,68.6,8.29,22.3,63,82.9
S1071,Pranav Gupta,Information Technology,3,2025-2026,Information Security,71.2,19.3,21.9,49.0,64.0,43.9,7.24,9.2,113,48.8
S1053,Meera Joshi,Civil Engineering,8,2025-2026,Surveying,72.2,15.6,21.6,48.9,,62.3,8.72,9.1,79,55.3
S1018,Ishaan Verma,Electrical Engineering,3,2025-2026,Circuit Theory,97.4,27.8,23.5,77.7,84.5,74.9,7.13,24.2,118,90.6
S1072,Emily Davis,Civil Engineering,7,2025-2026,Structural Analysis,88.3,26.0,21.3,60.6,73.1,80.3,8.92,18.6,29,64.9
S1011,Arjun Singh,Computer Science,1,2025-2026,Data Structures,80.8,20.2,18.2,55.8,64.3,55.6,6.3,10.9,126,61.4
S1075,Krishna Reddy,Computer Science,5,2025-2026,Programming in C,73.5,17.3,15.6,55.7,75.6,42.6,7.1,5.7,177,56.5
S1128,Aarav Sharma,Information Technology,3,2025-2026,Web Development,76.0,17.3,21.1,39.1,61.3,62.3,6.87,4.5,132,52.3
S1134,Sarah Wilson,Electrical Engineering,4,2025-2026,Signals and Systems,81.1,22.8,21.2,79.7,69.0,62.1,7.95,21.9,51,83.5
S1059,Patricia Jackson,Electrical Engineering,3,2025-2026,Mathematics,90.4,21.2,25.6,85.9,68.9,76.4,6.99,18.2,178,90.1
S1147,Ananya Rao,Information Technology,3,2025-2026,Computer Networks,79.6,17.2,16.8,40.5,59.6,56.3,9.1,12.6,37,51.7
S1143,Aarav Sharma,Civil Engineering,2,2025-2026,Structural Analysis,82.6,18.1,22.0,71.6,86.1,59.4,9.45,7.2,159,70.3
S1012,Aditya Patel,Mechanical Engineering,7,2025-2026,Mathematics,91.2,23.7,24.1,67.8,69.0,71.7,9.79,16.3,64,64.8
S1100,Pranav Gupta,Mechanical Engineering,5,2025-2026,Machine Design,80.2,21.4,21.6,56.5,72.6,78.9,6.08,16.7,143,71.3
S1010,Ananya Rao,Mechanical Engineering,7,2025-2026,Fluid Mechanics,78.0,23.5,20.1,68.0,58.2,60.5,8.82,14.0,67,75.7
S1144,Aarav Sharma,Information Technology,2,2025-2026,Programming in C,71.5,14.0,16.0,39.1,55.0,66.6,8.13,5.2,94,53.7
S1075, Krishna Reddy,  Computer Science  ,5,2025-2026,Database Management Systems,85.4,17.0,19.1,47.6,71.5,66.6,7.1,5.7,177,63.2
S1107,Krishna Reddy,Information Technology,7,2025-2026,Computer Networks,88.8,21.1,22.8,60.9,83.0,70.4,8.38,14.3,37,73.7
S1004,Arjun Singh,Computer Science,4,2025-2026,Mathematics,81.4,23.5,25.8,68.9,95.6,75.4,8.35,22.0,172,87.6
S1109,Meera Joshi,Civil Engineering,6,2025-2026,Transportation Engineering,98.3,28.4,27.5,72.3,74.8,86.1,7.06,24.4,125,83.1
S1021,Linda Anderson,Mechanical Engineering,8,2025-2026,Mathematics,87.9,17.1,19.2,50.6,77.7,67.9,5.98,13.1,136,65.2
S1006,Aarav Sharma,Information Technology,1,2025-2026,Computer Networks,88.2,16.5,21.6,58.4,79.1,62.9,6.81,8.1,145,54.6
S1131,Robert Thomas,Electrical Engineering,6,2025-2026,Signals and Systems,89.0,21.0,22.7,70.5,80.9,70.9,8.97,23.5,18,84.0
S1006,Aarav Sharma,Information Technology,1,2025-2026,Information Security,88.2,16.6,18.6,73.9,69.7,71.1,6.81,8.1,145,71.6
S1082,Arjun Singh,Electrical Engineering,6,2025-2026,Signals and Systems,78.0,22.2,24.4,55.1,78.3,71.0,8.31,12.4,109,58.9
S1070,Arjun Singh,Civil Engineering,1,2025-2026,Surveying,71.0,14.2,13.7,55.0,53.0,49.3,5.83,14.1,38,55.2
S1125,Patricia Jackson,Electrical Engineering,5,2025-2026,Control Systems,70.7,15.6,15.0,32.0,39.2,60.2,6.32,3.7,104,38.6
S1063,John Doe,Electrical Engineering,8,2025-2026,Control Systems,79.4,21.1,20.8,64.4,61.2,41.5,8.23,7.9,53,61.5
S1122,Pranav Gupta,Civil Engineering,6,2025-2026,Structural Analysis,78.0,19.2,21.9,71.0,72.1,71.6,7.19,24.5,60,85.0
S1047,David Miller,Information Technology,3,2025-2026,Programming in C,92.8,18.5,21.0,76.0,85.3,83.8,8.67,18.2,21,80.2
S1051,Ananya Rao,Computer Science,2,2025-2026,Machine Learning,76.1,17.1,20.3,41.9,74.1,44.5,8.66,3.8,116,57.4
S1148,John Doe,Information Technology,8,2025-2026,Web Development,86.2,21.8,17.4,,57.7,68.1,7.76,11.5,70,58.3
S1076,Jane Smith,Electrical Engineering,4,2025-2026,Mathematics,79.2,26.9,25.8,51.5,64.2,73.8,8.13,19.8,134,66.0
S1025,Arjun Singh,Electrical Engineering,7,2025-2026,Mathematics,83.9,19.1,18.4,66.7,73.9,71.5,6.24,17.3,74,68.8
S1135,Michael Johnson,Electrical Engineering,8,2025-2026,Mathematics,74.6,16.1,17.5,48.7,51.3,72.5,9.4,4.3,120,48.4
S1025,Arjun Singh,Electrical Engineering,7,2025-2026,Control Systems,82.2,19.6,19.3,58.6,72.3,48.0,6.24,17.3,74,61.2
S1109,Meera Joshi,Civil Engineering,6,2025-2026,Structural Analysis,85.5,21.6,22.4,87.8,83.6,90.4,7.06,24.4,125,91.7
S1145,Krishna Reddy,Civil Engineering,3,2025-2026,Transportation Engineering,75.1,17.6,15.8,49.9,60.8,63.1,6.56,18.9,40,62.6
S1059,Patricia Jackson,Electrical Engineering,3,2025-2026,Power Electronics,77.3,22.2,19.1,78.5,70.5,62.4,6.99,18.2,178,80.6
S1066,Ananya Rao,Mechanical Engineering,4,2025-2026,Thermodynamics,-8.0,18.5,15.4,50.1,66.3,50.0,6.54,14.2,59,64.5
S1126,Meera Joshi,Electrical Engineering,1,2025-2026,Mathematics,81.0,26.2,19.8,72.4,85.2,125.0,7.17,23.6,73,80.8
S1034,Pranav Gupta,Civil Engineering,3,2025-2026,Surveying,83.4,22.0,26.2,57.9,75.0,65.1,5.66,19.7,168,74.2
S1051, Ananya Rao,  Computer Science  ,2,2025-2026,Database Management Systems,112.5,18.4,22.0,52.1,53.7,61.8,8.66,3.8,116,55.9
S1027,Robert Thomas,Electrical Engineering,4,2025-2026,mathematics,82.7,24.4,20.1,74.9,83.6,85.2,9.46,17.8,107,83.3
S1052,Meera Joshi,Computer Science,5,2025-2026,Database Management Systems,93.5,20.4,20.7,50.7,89.6,70.6,8.61,20.9,17,62.3
S1038,Arjun Singh,Electrical Engineering,1,2025-2026,Control Systems,73.0,17.8,14.2,55.8,55.6,44.5,6.98,4.6,130,65.5
S1108,Meera Joshi,Information Technology,5,2025-2026,mathematics,73.4,14.7,16.5,39.2,59.8,55.2,8.22,9.0,19,44.7
S1029,Patricia Jackson,Computer Science,4,2025-2026,Data Structures,71.1,17.8,19.0,33.3,61.8,50.4,5.87,6.8,180,45.5
S1045,Pranav Gupta,Computer Science,5,2025-2026,Mathematics,88.1,26.7,26.2,93.8,86.6,93.3,9.24,21.1,148,97.3
S1128,Aarav Sharma,Information Technology,3,2025-2026,Programming in C,82.8,14.1,15.8,39.4,67.6,66.2,6.87,4.5,132,51.9
S1035,Robert Thomas,Information Technology,1,2025-2026,Mathematics,72.9,16.1,19.1,70.1,76.6,56.6,5.59,19.6,85,70.6
S1020,Michael Johnson,Civil Engineering,1,2025-2026,Geotechnical Engineering,78.1,17.6,23.6,75.1,58.4,55.4,8.24,17.3,78,73.3
S1146, Tanvi Bose,  Mechanical Engineering  ,1,2025-2026,Mathematics,95.7,26.1,21.6,79.0,83.3,89.3,,24.8,67,84.7
S1010,Ananya Rao,Mechanical Engineering,7,2025-2026,Machine Design,78.3,18.1,20.4,63.8,59.1,55.7,8.82,14.0,67,64.5
S1052,Meera Joshi,Computer Science,5,2025-2026,Programming in C,79.9,21.0,24.6,52.3,75.6,55.3,8.61,20.9,17,59.3
S1147,Ananya Rao,Information Technology,3,2025-2026,Mathematics,84.5,22.5,17.3,57.0,60.2,58.7,9.1,12.6,37,64.6
S1126,Meera Joshi,Electrical Engineering,1,2025-2026,Control Systems,95.1,24.9,25.4,71.3,78.7,72.3,7.17,23.6,73,80.5
S1074,Krishna Reddy,Electrical Engineering,2,2025-2026,Control Systems,88.5,18.4,21.0,59.2,86.9,63.4,9.51,9.2,124,65.4
S1049,James Taylor,Information Technology,6,2025-2026,Web Development,95.8,22.5,25.2,72.7,72.6,63.5,8.46,17.2,146,77.5
S1053,Meera Joshi,Civil Engineering,8,2025-2026,Transportation Engineering,86.8,22.8,17.9,46.7,59.3,49.0,8.72,9.1,79,56.1
S1017,Meera Joshi,Mechanical Engineering,3,2025-2026,CAD/CAM,75.4,17.0,16.9,30.4,40.8,46.9,7.06,5.2,38,44.4
S1099,Michael Johnson,Mechanical Engineering,1,2025-2026,Thermodynamics,72.1,17.2,16.3,55.0,59.4,49.6,6.99,7.9,107,51.3
S1107,Krishna Reddy,Information Technology,7,2025-2026,Programming in C ,72.0,20.2,22.4,69.2,67.5,59.3,8.38,14.3,37,66.5
S1069,Tanvi Bose,Civil Engineering,6,2025-2026,Mathematics,90.3,24.6,18.1,63.1,70.1,79.5,7.2,9.2,164,75.7
S1142,James Taylor,Electrical Engineering,1,2025-2026,Circuit Theory,95.3,25.6,28.3,71.4,96.6,63.6,9.41,23.9,16,70.0
S1120,Aarav Sharma,Electrical Engineering,6,2025-2026,Signals and Systems,83.9,22.6,24.0,50.2,72.9,59.8,8.75,11.1,64,61.6
S1139,Aditya Patel,Civil Engineering,4,2025-2026,Structural Analysis,89.3,23.4,22.7,62.3,60.7,68.8,8.38,10.1,138,58.3
S1135,Michael Johnson,Electrical Engineering,8,2025-2026,Control Systems,70.6,16.1,19.8,63.3,57.8,47.9,9.4,4.3,120,65.9
S1090,Meera Joshi,Electrical Engineering,1,2025-2026,Signals and Systems,94.4,26.9,27.5,54.9,73.7,63.0,9.25,15.6,141,68.6
S1082,Arjun Singh,Electrical Engineering,6,2025-2026,Control Systems,79.6,20.1,23.2,63.8,71.1,60.1,8.31,12.4,109,79.2
S1114,Meera Joshi,Information Technology,1,2025-2026,Computer Networks,89.4,22.7,21.5,74.2,95.3,71.0,7.34,21.7,116,79.7
S1063,John Doe,Electrical Engineering,8,2025-2026,Mathematics,68.2,20.7,20.7,62.4,58.1,65.5,8.23,7.9,53,58.9
S1089,Sanya Malhotra,Electrical Engineering,2,2025-2026,Power Electronics,80.4,17.7,19.6,72.4,57.7,72.4,6.23,14.5,150,71.5
S1079,Rohan Das,Civil Engineering,7,2025-2026,Mathematics,87.6,24.4,21.9,56.5,66.3,69.2,7.89,18.6,55,67.8
S1097,Ananya Rao,Electrical Engineering,3,2025-2026,Power Electronics,75.2,23.8,23.0,62.5,59.0,63.2,7.19,14.2,171,70.0
,,,,,,,,,,,,,,,
S1030,Linda Anderson,Mechanical Engineering,3,2025-2026,Machine Design,79.3,21.8,16.2,62.9,57.1,53.8,9.43,7.0,34,60.7
S1131,Robert Thomas,Electrical Engineering,6,2025-2026,Mathematics,93.8,21.7,21.1,85.5,88.5,87.8,8.97,23.5,18,84.8
S1150, Diya Iyer,  Electrical Engineering  ,4,2025-2026,Circuit Theory,86.1,17.0,18.9,43.1,61.0,71.7,8.3,17.0,18,55.5
S1032, Ishaan Verma,  Civil Engineering  ,7,2025-2026,Surveying,77.6,24.9,22.5,72.9,65.1,64.8,8.87,12.5,148,81.1
S1088,Siddharth Sen,Mechanical Engineering,2,2025-2026,CAD/CAM,82.6,14.5,18.9,39.5,45.3,50.5,6.27,3.8,108,52.3
S1047,David Miller,Information Technology,3,2025-2026,Web Development,73.9,20.3,18.1,75.5,61.3,62.0,8.67,18.2,21,74.6
S1012,Aditya Patel,Mechanical Engineering,7,2025-2026,Machine Design,90.9,23.2,19.9,65.6,86.9,87.2,9.79,16.3,64,70.1
S1063,John Doe,Electrical Engineering,8,2025-2026,Signals and Systems,86.9,18.2,17.8,36.0,50.4,67.1,8.23,7.9,53,49.4
S1031,Sanya Malhotra,Computer Science,1,2025-2026,Mathematics,91.5,23.0,17.3,63.4,84.1,60.0,5.82,17.0,104,76.4
S1037,Arjun Singh,Electrical Engineering,6,2025-2026,circuit theory,87.6,17.8,22.4,45.3,61.6,67.1,8.2,4.6,120,54.1
S1115,Aarav Sharma,Information Technology,4,2025-2026,Information Security,91.1,23.5,21.9,68.3,87.2,76.6,7.63,16.8,158,68.5
,,,,,,,,,,,,,,,
S1148,John Doe,Information Technology,8,2025-2026,Mathematics,89.3,19.7,18.9,55.0,63.2,50.2,7.76,11.5,70,67.5
S1001,Ananya Rao,Computer Science,3,2025-2026,Machine Learning,93.0,21.8,26.1,70.2,70.6,91.2,8.35,18.2,171,71.3
S1101,Aditya Patel,Mechanical Engineering,5,2025-2026,Fluid Mechanics,88.4,22.8,23.4,56.6,61.8,49.1,8.97,3.8,163,68.7
S1030,Linda Anderson,Mechanical Engineering,3,2025-2026,Mathematics,84.1,21.2,14.9,63.2,70.1,63.3,9.43,7.0,34,71.5
S1094,Rohan Das,Electrical Engineering,5,2025-2026,Mathematics,92.2,21.0,22.1,69.6,62.2,74.4,6.72,19.7,79,71.5
S1108,Meera Joshi,Information Technology,5,2025-2026,Programming in C,84.7,14.9,18.7,60.0,55.7,46.5,8.22,9.0,19,61.1
S1111,Emily Davis,Mechanical Engineering,2,2025-2026,Thermodynamics,75.8,16.7,21.1,69.2,55.5,66.4,6.17,10.0,147,72.3
S1040,Patricia Jackson,Information Technology,8,2025-2026,Programming in C,,17.8,19.2,43.7,62.0,63.1,6.87,7.7,119,49.9
S1048,Ishaan Verma,Mechanical Engineering,2,2025-2026,Mathematics ,112.5,13.1,14.9,33.6,61.5,56.5,6.75,3.1,84,40.6
S1060,Aditya Patel,Electrical Engineering,2,2025-2026,Circuit Theory,80.2,13.0,13.6,41.9,51.6,63.8,6.18,11.4,30,41.5
S1008,Michael Johnson,Mechanical Engineering,5,2025-2026,Thermodynamics,79.8,16.5,21.9,67.2,57.6,76.9,9.38,10.1,75,75.3
S1137,Sarah Wilson,Civil Engineering,2,2025-2026,Geotechnical Engineering,83.8,21.5,18.6,56.9,56.3,60.1,6.45,14.7,75,69.5
S1007,Rohan Das,Civil Engineering,6,2025-2026,Mathematics,72.6,20.6,19.3,48.1,56.3,58.6,6.64,12.9,106,56.6
S1008,Michael Johnson,Mechanical Engineering,5,2025-2026,Machine Design,76.3,19.8,21.7,58.5,60.0,74.6,9.38,10.1,75,65.8
S1031,Sanya Malhotra,Computer Science,1,2025-2026,Data Structures,85.7,18.3,24.5,58.1,73.0,64.8,5.82,17.0,104,72.1
S1054,Aarav Sharma,Civil Engineering,3,2025-2026,Structural Analysis,89.9,17.3,17.0,54.7,72.2,70.2,7.91,17.3,17,62.3
S1009,David Miller,Computer Science,3,2025-2026,Mathematics,72.7,22.7,16.8,48.0,61.7,65.6,9.68,2.4,157,53.0
S1104,John Doe,Information Technology,8,2025-2026,Information Security,83.3,20.2,14.9,59.2,67.5,49.0,7.81,5.8,102,63.5
S1069,Tanvi Bose,Civil Engineering,6,2025-2026,Transportation Engineering,87.4,20.7,21.1,45.5,78.9,52.3,7.2,9.2,164,55.9
S1057,Sanya Malhotra,Computer Science,3,2025-2026,Data Structures,70.9,19.2,17.5,35.7,55.4,58.3,9.29,5.0,49,50.4
S1053,Meera Joshi,Civil Engineering,8,2025-2026,Mathematics,80.2,18.3,21.7,62.1,53.9,62.6,8.72,9.1,79,59.2
S1138,David Miller,Computer Science,8,2025-2026,Mathematics,82.2,26.0,23.7,70.3,100.0,91.6,9.16,21.4,174,74.0
S1050,Rohan Das,Mechanical Engineering,3,2025-2026,Mathematics,95.6,24.0,22.4,94.1,75.6,91.2,9.23,24.0,68,95.2
S1088, Siddharth Sen,  Mechanical Engineering  ,2,2025-2026,Machine Design,65.5,15.8,16.5,33.6,52.4,31.9,6.27,3.8,108,48.2
S1148,John Doe,Information Technology,8,2025-2026,Programming in C,87.7,17.3,21.5,68.8,80.8,53.5,7.76,11.5,70,75.1
S1074,Krishna Reddy,Electrical Engineering,2,2025-2026,Circuit Theory,83.7,19.0,22.8,52.0,84.4,61.9,9.51,9.2,124,66.2
S1136,Emily Davis,Electrical Engineering,6,2025-2026,Signals and Systems,70.2,15.6,17.7,38.0,67.6,54.7,8.6,2.2,144,47.1
S1080,Pranav Gupta,Mechanical Engineering,1,2025-2026,CAD/CAM,86.9,25.2,26.4,58.0,74.1,56.2,7.43,20.7,64,72.3
S1092,Patricia Jackson,Information Technology,2,2025-2026,Programming in C,69.5,15.4,15.8,56.1,51.1,52.1,7.3,8.2,118,57.4
S1132,Emily Davis,Computer Science,7,2025-2026,Machine Learning,71.4,16.2,13.2,45.9,48.4,59.8,6.07,7.3,71,45.2
S1046,Linda Anderson,Information Technology,8,2025-2026,Computer Networks,87.1,25.5,22.1,60.5,61.0,53.8,9.04,15.0,63,68.6
S1009,David Miller,Computer Science,3,2025-2026,Programming in C,90.8,24.3,17.7,67.1,64.9,65.4,9.68,2.4,157,71.7
S1141,Emily Davis,Civil Engineering,1,2025-2026,Structural Analysis,82.7,22.2,18.6,47.5,72.8,62.4,8.88,3.1,180,54.6
S1060,Aditya Patel,Electrical Engineering,2,2025-2026,Mathematics,82.7,18.1,14.8,64.7,62.1,48.4,6.18,11.4,30,64.5
S1044,Tanvi Bose,Information Technology,8,2025-2026,Programming in C,74.2,15.6,20.2,34.3,71.3,70.7,6.57,15.2,47,47.4
S1015,Siddharth Sen,Computer Science,1,2025-2026,Mathematics ,72.6,22.9,18.0,54.8,61.4,57.4,6.23,13.7,155,71.0
S1103,Michael Johnson,Electrical Engineering,4,2025-2026,Control Systems,64.1,15.3,13.1,30.0,57.7,24.1,6.44,4.2,22,40.8
S1123,Meera Joshi,Computer Science,2,2025-2026,Mathematics,77.2,22.5,17.2,61.1,69.2,66.1,6.58,16.6,127,76.5
S1056,Tanvi Bose,Information Technology,2,2025-2026,Mathematics,80.2,25.5,22.0,74.4,75.7,76.4,6.48,19.0,169,83.7
S1071,Pranav Gupta,Information Technology,3,2025-2026,Computer Networks,112.5,20.3,21.1,44.3,73.3,68.3,7.24,9.2,113,60.2
S1104,John Doe,Information Technology,8,2025-2026,Computer Networks,74.1,15.4,21.4,52.6,64.1,52.5,7.81,5.8,102,63.9
S1129,Vivaan Kapoor,Computer Science,7,2025-2026,Programming in C,79.9,19.2,16.8,42.9,50.7,66.5,7.44,4.8,101,47.5
S1148,John Doe,Information Technology,8,2025-2026,Computer Networks,71.7,20.2,16.7,57.8,55.3,65.1,7.76,11.5,70,58.0
S1086,Ananya Rao,Civil Engineering,8,2025-2026,Transportation Engineering,71.5,21.5,16.2,42.7,48.1,47.2,8.63,2.8,174,48.8
S1031,Sanya Malhotra,Computer Science,1,2025-2026,Database Management Systems,90.5,20.8,22.2,69.1,66.0,73.6,5.82,17.0,104,80.5
S1005,Sarah Wilson,Electrical Engineering,3,2025-2026,Control Systems,72.4,21.4,19.0,49.2,59.0,51.6,7.86,13.2,57,51.7
S1089,Sanya Malhotra,Electrical Engineering,2,2025-2026,Control Systems,85.1,17.6,17.3,56.4,58.6,66.5,6.23,14.5,150,59.0
S1064,Sanya Malhotra,Electrical Engineering,7,2025-2026,Circuit Theory,78.9,17.7,18.6,46.0,58.3,68.2,6.84,7.6,112,52.0
S1010,Ananya Rao,Mechanical Engineering,7,2025-2026,Mathematics,84.0,23.7,19.1,58.5,66.3,70.8,8.82,14.0,67,71.4
S1042,Vivaan Kapoor,Computer Science,6,2025-2026,Database Management Systems,74.7,14.0,16.2,44.9,48.8,55.7,7.42,5.8,59,42.4
S1118,Kavya Nair,Information Technology,6,2025-2026,Web Development,82.7,26.5,27.9,60.1,73.5,71.7,8.88,19.2,149,68.7
S1128,Aarav Sharma,Information Technology,3,2025-2026,Computer Networks,69.0,13.2,13.5,55.3,60.5,63.9,6.87,4.5,132,54.7
S1005,Sarah Wilson,Electrical Engineering,3,2025-2026,Mathematics,72.8,15.3,18.9,56.0,60.3,72.0,7.86,13.2,57,69.2
S1049,James Taylor,Information Technology,6,2025-2026,Information Security,86.3,22.2,24.8,66.7,84.8,61.7,8.46,17.2,146,68.4
S1016,David Miller,Electrical Engineering,2,2025-2026,Circuit Theory,78.4,23.5,22.2,68.9,66.1,50.3,8.5,10.9,82,69.9
S1026,Aarav Sharma,Mechanical Engineering,2,2025-2026,Machine Design,84.2,19.8,25.7,55.9,72.3,70.3,9.44,13.9,71,60.9
S1120,Aarav Sharma,Electrical Engineering,6,2025-2026,Control Systems,83.1,20.6,16.7,76.5,62.0,49.9,8.75,11.1,64,76.0
S1091,Sanya Malhotra,Mechanical Engineering,1,2025-2026,Thermodynamics,75.2,20.4,21.3,50.5,85.5,62.2,7.5,18.1,109,66.2
S1040,Patricia Jackson,Information Technology,8,2025-2026,Mathematics ,79.0,16.8,18.4,35.1,74.1,49.4,6.87,7.7,119,49.4
S1110,Aarav Sharma,Electrical Engineering,1,2025-2026,Signals and Systems,77.2,20.4,19.9,46.4,43.6,60.7,8.91,7.1,17,54.3
S1077,Aarav Sharma,Electrical Engineering,3,2025-2026,Control Systems,90.0,18.5,22.5,52.9,76.5,62.4,7.07,16.3,35,69.7
S1069,Tanvi Bose,Civil Engineering,6,2025-2026,Geotechnical Engineering,76.1,17.8,21.4,71.3,54.0,67.4,7.2,9.2,164,71.3
S1080,Pranav Gupta,Mechanical Engineering,1,2025-2026,Thermodynamics ,75.9,18.8,25.1,66.7,67.6,79.0,7.43,20.7,64,75.7
S1072,Emily Davis,Civil Engineering,7,2025-2026,Mathematics,82.2,22.4,21.9,55.3,80.8,66.7,8.92,18.6,29,61.4
S1130,Patricia Jackson,Electrical Engineering,5,2025-2026,Power Electronics,88.5,22.8,23.9,73.0,100.0,78.7,9.21,19.4,165,84.9
S1001,Ananya Rao,Computer Science,3,2025-2026,Data Structures,96.3,26.0,26.7,73.2,87.8,75.4,8.35,18.2,171,83.8
S1142,James Taylor,Electrical Engineering,1,2025-2026,Mathematics,94.2,22.3,27.4,85.8,80.0,66.1,9.41,23.9,16,86.7
S1006,Aarav Sharma,Information Technology,1,2025-2026,Mathematics,79.9,18.3,18.4,59.0,78.3,67.9,6.81,8.1,145,67.6
S1061,Diya Iyer,Mechanical Engineering,7,2025-2026,Fluid Mechanics,79.7,21.3,19.4,85.0,69.2,78.1,8.36,19.9,81,84.6
S1118,Kavya Nair,Information Technology,6,2025-2026,Programming in C,92.3,23.0,27.6,84.6,98.0,75.2,8.88,19.2,149,88.3
S1006,Aarav Sharma,Information Technology,1,2025-2026,Programming in C,84.7,23.1,23.2,53.7,75.9,61.5,6.81,8.1,145,63.8
S1046,Linda Anderson,Information Technology,8,2025-2026,Web Development,93.1,23.8,25.2,53.0,88.6,65.7,9.04,15.0,63,60.5
S1053,Meera Joshi,Civil Engineering,8,2025-2026,Geotechnical Engineering,70.9,21.3,20.7,66.6,70.4,69.2,8.72,9.1,79,68.2
S1065,Patricia Jackson,Computer Science,8,2025-2026,Programming in C,94.0,27.9,20.5,80.5,94.4,87.6,6.5,19.1,160,79.1
S1057,Sanya Malhotra,Computer Science,3,2025-2026,Mathematics,76.9,16.1,19.9,44.0,62.2,61.9,9.29,5.0,49,51.6
S1011,Arjun Singh,Computer Science,1,2025-2026,Machine Learning,89.1,21.3,20.3,40.5,80.1,50.5,6.3,10.9,126,55.9
S1055,Tanvi Bose,Information Technology,1,2025-2026,Programming in C,74.4,20.0,20.7,63.8,72.9,44.8,7.64,12.9,83,71.3
S1003,Diya Iyer,Electrical Engineering,2,2025-2026,Mathematics,86.6,16.6,17.3,62.1,60.7,61.0,6.03,9.9,176,66.2
S1078,Jane Smith,Computer Science,8,2025-2026,Database Management Systems,68.7,14.2,13.6,53.5,44.8,53.0,7.21,2.4,85,53.9
S1100,Pranav Gupta,Mechanical Engineering,5,2025-2026,Thermodynamics,79.3,17.4,19.1,63.6,67.4,55.4,6.08,16.7,143,72.1
S1022,Ishaan Verma,Computer Science,8,2025-2026,Mathematics,86.4,25.9,29.3,79.1,94.9,96.1,7.85,24.8,171,85.9
S1111,Emily Davis,Mechanical Engineering,2,2025-2026,Machine Design,77.9,20.5,19.7,64.4,75.5,55.6,6.17,10.0,147,72.9
S1082,Arjun Singh,Electrical Engineering,6,2025-2026,Mathematics,81.0,22.9,23.9,53.3,58.3,50.7,8.31,12.4,109,65.2
S1001,Ananya Rao,Computer Science,3,2025-2026,Mathematics,87.3,25.4,23.9,67.4,90.9,67.6,8.35,18.2,171,70.2
S1068,Robert Thomas,Electrical Engineering,4,2025-2026,Power Electronics,100.0,30.0,28.4,82.1,83.7,85.0,9.51,22.6,164,100.0
S1086,Ananya Rao,Civil Engineering,8,2025-2026,Surveying,78.0,17.9,20.6,,79.1,53.5,8.63,2.8,174,69.6
S1078,Jane Smith,Computer Science,8,2025-2026,Programming in C,76.3,13.0,14.1,60.7,62.7,43.4,7.21,2.4,85,62.2
S1049,James Taylor,Information Technology,6,2025-2026,Computer Networks,79.9,26.5,20.3,59.3,67.3,75.1,8.46,17.2,146,66.4
S1085,Emily Davis,Information Technology,5,2025-2026,Programming in C,84.3,23.7,26.9,56.3,85.4,77.6,8.68,19.5,71,65.9
S1133,John Doe,Information Technology,5,2025-2026,Information Security,86.1,21.1,20.3,78.3,81.4,50.2,8.28,9.8,106,76.6
S1013,Tanvi Bose,Information Technology,1,2025-2026,Programming in C,82.6,20.7,21.2,43.8,76.2,77.6,9.01,13.4,68,56.0
S1116,Arjun Singh,Information Technology,1,2025-2026,Information Security ,85.2,20.5,18.2,73.9,54.8,62.5,7.93,12.7,88,77.6
S1083,James Taylor,Civil Engineering,3,2025-2026,Surveying,82.9,20.6,25.9,59.1,83.8,83.5,,17.2,110,67.8
S1054,Aarav Sharma,Civil Engineering,3,2025-2026,Transportation Engineering,90.2,24.4,23.4,70.5,81.3,56.5,7.91,17.3,17,79.3
S1096,Ananya Rao,Information Technology,6,2025-2026,Mathematics,84.9,23.9,26.8,73.8,95.8,64.4,9.28,16.6,140,79.2
S1095,Michael Johnson,Civil Engineering,5,2025-2026,Mathematics,66.8,12.0,16.7,40.9,36.8,35.8,6.05,3.5,137,50.9
S1032,Ishaan Verma,Civil Engineering,7,2025-2026,Mathematics,91.3,20.8,21.2,77.7,79.4,59.0,8.87,12.5,148,79.2
S1002,Tanvi Bose,Computer Science,4,2025-2026,Database Management Systems,69.7,19.5,21.4,52.6,48.6,62.8,5.8,16.5,32,61.6
S1022, Ishaan Verma,  Computer Science  ,8,2025-2026,Machine Learning,91.0,25.8,27.2,74.7,98.9,91.5,7.85,24.8,171,85.4
S1107,Krishna Reddy,Information Technology,7,2025-2026,Mathematics,79.7,19.2,20.7,61.8,80.6,69.4,8.38,14.3,37,58.6
S1072,Emily Davis,Civil Engineering,7,2025-2026,Geotechnical Engineering,78.5,19.3,17.8,59.7,80.3,79.0,8.92,18.6,29,75.7
S1133,John Doe,Information Technology,5,2025-2026,Web Development,,19.1,22.0,62.4,76.0,69.5,8.28,9.8,106,66.1
S1092,Patricia Jackson,Information Technology,2,2025-2026,Mathematics,74.6,18.1,16.8,55.7,54.4,66.2,7.3,8.2,118,60.7
S1005,Sarah Wilson,Electrical Engineering,3,2025-2026,Circuit Theory,88.6,24.1,16.8,59.0,68.6,56.3,7.86,13.2,57,57.7
S1055,Tanvi Bose,Information Technology,1,2025-2026,Mathematics,81.8,21.3,22.2,53.7,55.1,72.5,7.64,12.9,83,54.3
S1084,Kavya Nair,Information Technology,8,2025-2026,Web Development,76.8,16.4,18.3,42.6,48.1,61.4,6.15,8.6,88,42.8
S1083, James Taylor,  Civil Engineering  ,3,2025-2026,Structural Analysis,77.8,23.5,20.2,68.2,69.5,62.7,8.48,17.2,110,82.9
S1136,Emily Davis,Electrical Engineering,6,2025-2026,Mathematics,72.3,13.9,19.3,47.4,72.6,55.1,8.6,2.2,144,52.1
S1013,Tanvi Bose,Information Technology,1,2025-2026,Mathematics,89.2,24.7,21.8,77.0,62.3,81.7,9.01,13.4,68,81.0
S1023,Michael Johnson,Mechanical Engineering,7,2025-2026,Thermodynamics,68.6,16.2,15.0,49.9,51.8,58.4,7.05,2.5,169,54.3
S1111,Emily Davis,Mechanical Engineering,2,2025-2026,CAD/CAM,82.8,19.1,22.1,60.8,54.8,65.6,6.17,10.0,147,58.9
S1109,Meera Joshi,Civil Engineering,6,2025-2026,Geotechnical Engineering,93.3,27.4,22.7,61.3,94.7,81.2,7.06,24.4,125,76.3
S1095,Michael Johnson,Civil Engineering,5,2025-2026,Structural Analysis,76.8,15.5,16.4,53.2,44.4,37.8,6.05,3.5,137,60.2
S1120,Aarav Sharma,Electrical Engineering,6,2025-2026,Circuit Theory,80.5,23.7,17.4,58.8,80.9,65.2,8.75,11.1,64,61.5
S1121,Emily Davis,Mechanical Engineering,7,2025-2026,Mathematics,78.7,19.8,18.5,51.2,66.1,59.3,6.21,16.1,155,56.6
S1088,Siddharth Sen,Mechanical Engineering,2,2025-2026,fluid mechanics,73.3,13.7,15.7,30.0,44.9,37.1,6.27,3.8,108,40.0
S1134,Sarah Wilson,Electrical Engineering,4,2025-2026,Power Electronics,93.0,25.6,20.1,61.8,83.7,79.2,7.95,21.9,51,73.9
S1032,Ishaan Verma,Civil Engineering,7,2025-2026,Structural Analysis,87.6,25.4,21.4,72.0,67.6,76.7,8.87,12.5,148,72.5
S1145,Krishna Reddy,Civil Engineering,3,2025-2026,Mathematics,71.4,20.2,21.1,53.8,52.9,66.2,6.56,18.9,40,60.8
S1104,John Doe,Information Technology,8,2025-2026,Programming in C,75.1,17.0,19.8,48.0,51.9,59.3,7.81,5.8,102,44.8
S1086,Ananya Rao,Civil Engineering,8,2025-2026,Geotechnical Engineering,85.0,22.1,22.8,60.6,73.3,72.9,8.63,2.8,174,59.6
S1045,Pranav Gupta,Computer Science,5,2025-2026,Machine Learning,82.3,28.1,23.1,55.5,91.9,74.0,9.24,21.1,148,72.6
S1091,Sanya Malhotra,Mechanical Engineering,1,2025-2026,Fluid Mechanics ,82.4,23.9,24.8,76.3,78.1,79.8,7.5,18.1,109,80.5
S1080,Pranav Gupta,Mechanical Engineering,1,2025-2026,Mathematics,81.1,24.0,23.2,58.4,73.9,78.0,7.43,20.7,64,70.1
S1071,Pranav Gupta,Information Technology,3,2025-2026,Web Development,84.6,18.4,18.6,60.0,66.6,70.5,7.24,9.2,113,59.2
S1128,Aarav Sharma,Information Technology,3,2025-2026,Information Security,112.5,13.7,14.4,47.6,53.8,41.2,6.87,4.5,132,63.6
S1024,Siddharth Sen,Mechanical Engineering,8,2025-2026,Thermodynamics,92.5,27.7,27.4,63.3,71.8,91.7,8.74,21.7,75,76.0
S1023,Michael Johnson,Mechanical Engineering,7,2025-2026,Mathematics,86.6,20.4,22.0,43.5,52.4,47.2,7.05,2.5,169,49.7
S1115,Aarav Sharma,Information Technology,4,2025-2026,Programming in C,92.4,26.4,25.3,68.4,75.4,75.3,7.63,16.8,158,76.9
S1026,Aarav Sharma,Mechanical Engineering,2,2025-2026,CAD/CAM,80.4,23.1,24.9,52.5,78.6,75.3,9.44,13.9,71,66.3
S1122,Pranav Gupta,Civil Engineering,6,2025-2026,Transportation Engineering,88.4,22.7,23.4,70.4,74.5,87.7,7.19,24.5,60,76.1
S1102,Ishaan Verma,Civil Engineering,7,2025-2026,Transportation Engineering,83.5,25.7,21.0,83.8,66.8,56.4,9.2,19.7,45,85.8
S1029,Patricia Jackson,Computer Science,4,2025-2026,Programming in C,78.0,19.3,22.3,48.1,60.9,52.9,5.87,6.8,180,49.6
S1116,Arjun Singh,Information Technology,1,2025-2026,Mathematics,90.3,19.2,17.3,63.4,58.2,50.8,7.93,12.7,88,62.4
S1071,Pranav Gupta,Information Technology,3,2025-2026,Programming in C,89.5,17.6,22.9,43.8,70.8,53.8,7.24,9.2,113,51.6
S1097,Ananya Rao,Electrical Engineering,3,2025-2026,Signals and Systems,88.5,26.0,26.1,59.6,83.9,64.9,7.19,14.2,171,67.1
S1027,Robert Thomas,Electrical Engineering,4,2025-2026,Power Electronics,84.8,20.9,20.4,,84.7,64.8,9.46,17.8,107,90.0
S1130,Patricia Jackson,Electrical Engineering,5,2025-2026,Circuit Theory,89.6,27.1,24.7,66.0,98.7,78.1,9.21,19.4,165,72.7
S1041,Sarah Wilson,Computer Science,2,2025-2026,Machine Learning,71.4,19.5,16.8,54.5,72.8,65.6,8.67,12.0,56,53.4
S1034,Pranav Gupta,Civil Engineering,3,2025-2026,Transportation Engineering,80.3,20.3,24.5,77.4,62.4,60.8,5.66,19.7,168,79.9
S1125,Patricia Jackson,Electrical Engineering,5,2025-2026,Circuit Theory,77.3,15.3,19.4,52.9,65.5,48.4,6.32,3.7,104,53.2
S1091,Sanya Malhotra,Mechanical Engineering,1,2025-2026,Machine Design,83.8,19.7,20.1,73.2,75.9,63.7,7.5,18.1,109,81.9
S1015,Siddharth Sen,Computer Science,1,2025-2026,Machine Learning,89.8,17.9,22.3,69.0,72.4,74.7,,13.7,155,67.8
S1146,Tanvi Bose,Mechanical Engineering,1,2025-2026,Thermodynamics,93.0,27.4,25.5,75.0,75.1,78.6,7.09,24.8,67,77.0
S1070,Arjun Singh,Civil Engineering,1,2025-2026,Geotechnical Engineering,-8.0,15.8,19.5,54.7,55.3,67.4,5.83,14.1,38,63.4
S1021,Linda Anderson,Mechanical Engineering,8,2025-2026,Machine Design,76.4,21.9,17.0,50.8,74.7,50.5,5.98,13.1,136,51.2
S1026,Aarav Sharma,Mechanical Engineering,2,2025-2026,Fluid Mechanics,89.3,23.4,18.4,71.3,80.7,59.4,9.44,13.9,71,74.8
S1012,Aditya Patel,Mechanical Engineering,7,2025-2026,Fluid Mechanics,82.4,23.6,20.0,71.0,79.4,69.0,9.79,16.3,64,73.3
S1117,Aarav Sharma,Civil Engineering,5,2025-2026,Mathematics,67.4,16.9,19.1,52.5,55.5,36.4,5.66,5.4,149,54.5
S1117,Aarav Sharma,Civil Engineering,5,2025-2026,Structural Analysis,78.9,14.1,19.1,32.6,68.2,59.9,5.66,5.4,149,42.4
S1045,Pranav Gupta,Computer Science,5,2025-2026,Programming in C,88.5,28.6,29.2,90.3,97.2,71.0,9.24,21.1,148,92.4
S1008,Michael Johnson,Mechanical Engineering,5,2025-2026,Fluid Mechanics,83.9,18.6,18.2,59.4,62.6,64.2,9.38,10.1,75,75.8
S1139,Aditya Patel,Civil Engineering,4,2025-2026,Geotechnical Engineering,77.9,24.4,18.5,45.5,65.1,57.9,8.38,10.1,138,57.5
S1014,Patricia Jackson,Mechanical Engineering,1,2025-2026,fluid mechanics,86.7,22.8,23.4,77.3,93.4,85.2,9.02,18.1,161,80.3
S1003,Diya Iyer,Electrical Engineering,2,2025-2026,Control Systems,81.5,21.4,17.7,55.3,65.5,48.6,6.03,9.9,176,52.7
S1110,Aarav Sharma,Electrical Engineering,1,2025-2026,Control Systems,73.6,14.1,19.5,46.1,57.5,43.8,8.91,7.1,17,48.4
S1126,Meera Joshi,Electrical Engineering,1,2025-2026,Signals and Systems,89.5,25.4,21.3,76.6,80.5,61.3,7.17,23.6,73,88.5
S1138,David Miller,Computer Science,8,2025-2026,Machine Learning,100.0,24.6,24.6,87.0,86.6,98.0,9.16,21.4,174,89.5
S1108,Meera Joshi,Information Technology,5,2025-2026,Computer Networks,75.2,19.9,19.5,38.1,49.9,62.1,8.22,9.0,19,44.5
S1126,Meera Joshi,Electrical Engineering,1,2025-2026,Power Electronics,95.4,27.7,21.4,72.1,93.9,84.1,7.17,23.6,73,76.6
S1145,Krishna Reddy,Civil Engineering,3,2025-2026,Structural Analysis,71.8,18.7,20.2,67.5,66.6,68.0,6.56,18.9,40,68.8
S1022,Ishaan Verma,Computer Science,8,2025-2026,Data Structures,99.1,30.0,29.3,73.8,87.5,89.0,7.85,24.8,171,91.3
S1090, Meera Joshi,  Electrical Engineering  ,1,2025-2026,Mathematics,96.1,26.4,26.4,71.4,79.1,66.6,9.25,15.6,141,88.6
S1138,David Miller,Computer Science,8,2025-2026,Database Management Systems,100.0,27.3,30.0,86.4,81.0,75.2,9.16,21.4,174,95.5
S1083,James Taylor,Civil Engineering,3,2025-2026,Transportation Engineering,77.5,21.6,26.3,73.3,79.0,76.3,8.48,17.2,110,77.5
S1064, Sanya Malhotra,  Electrical Engineering  ,7,2025-2026,Power Electronics,80.0,20.8,14.8,32.7,54.3,47.6,6.84,7.6,112,46.0
S1035,Robert Thomas,Information Technology,1,2025-2026,Computer Networks,75.9,19.5,18.3,56.4,69.7,59.8,5.59,19.6,85,73.5
S1091,Sanya Malhotra,Mechanical Engineering,1,2025-2026,CAD/CAM,88.0,25.0,25.5,84.8,75.8,69.2,7.5,18.1,109,85.8
S1117,Aarav Sharma,Civil Engineering,5,2025-2026,Surveying,82.7,16.9,20.0,49.3,64.8,41.7,5.66,5.4,149,59.3
S1143,Aarav Sharma,Civil Engineering,2,2025-2026,Transportation Engineering,74.7,21.6,20.1,54.4,57.3,64.1,9.45,7.2,159,62.0
S1133,John Doe,Information Technology,5,2025-2026,Computer Networks,80.0,17.7,18.8,49.2,76.1,53.9,8.28,9.8,106,59.4
S1021,Linda Anderson,Mechanical Engineering,8,2025-2026,Fluid Mechanics,77.3,16.9,19.2,55.5,72.2,46.7,5.98,13.1,136,53.6
S1137,Sarah Wilson,Civil Engineering,2,2025-2026,Surveying,80.5,17.1,19.3,62.0,52.7,67.8,6.45,14.7,75,67.3
S1017,Meera Joshi,Mechanical Engineering,3,2025-2026,Thermodynamics,70.7,13.8,15.2,45.6,42.1,58.4,7.06,5.2,38,48.9
S1136,Emily Davis,Electrical Engineering,6,2025-2026,Control Systems,75.9,21.9,21.5,64.8,72.5,60.8,8.6,2.2,144,70.0
S1103,Michael Johnson,Electrical Engineering,4,2025-2026,Circuit Theory,64.8,17.1,15.8,32.7,41.7,49.2,6.44,4.2,22,47.1
S1143,Aarav Sharma,Civil Engineering,2,2025-2026,Geotechnical Engineering,79.6,21.5,18.0,74.1,62.4,62.6,9.45,7.2,159,78.6
S1007,Rohan Das,Civil Engineering,6,2025-2026,Geotechnical Engineering,86.3,17.5,20.4,63.0,64.0,74.8,6.64,12.9,106,71.6
S1050,Rohan Das,Mechanical Engineering,3,2025-2026,Thermodynamics,80.7,24.3,22.8,64.5,71.0,64.1,9.23,24.0,68,80.6
S1003,Diya Iyer,Electrical Engineering,2,2025-2026,Signals and Systems,81.9,16.1,19.3,62.5,57.0,67.0,6.03,9.9,176,72.2
S1049,James Taylor,Information Technology,6,2025-2026,Mathematics,83.9,20.7,22.0,63.4,77.3,66.8,8.46,17.2,146,67.6
S1114,Meera Joshi,Information Technology,1,2025-2026,Web Development,80.7,19.7,25.5,55.9,87.5,60.1,7.34,21.7,116,66.4
S1054,Aarav Sharma,Civil Engineering,3,2025-2026,Mathematics,76.1,19.0,21.7,65.8,77.0,66.6,7.91,17.3,17,64.6
S1148,John Doe,Information Technology,8,2025-2026,Information Security,88.2,17.5,22.1,38.4,62.1,76.4,7.76,11.5,70,53.2
S1088,Siddharth Sen,Mechanical Engineering,2,2025-2026,Mathematics,69.1,11.4,17.0,54.0,55.1,58.6,6.27,3.8,108,58.8
S1009,David Miller,Computer Science,3,2025-2026,Data Structures,85.9,23.1,18.9,42.2,56.7,74.4,9.68,2.4,157,57.9
S1031,Sanya Malhotra,Computer Science,1,2025-2026,Machine Learning,87.9,23.8,23.3,62.6,65.5,78.9,5.82,17.0,104,61.8
S1049,James Taylor,Information Technology,6,2025-2026,Programming in C,90.7,20.5,22.8,75.3,93.0,74.3,8.46,17.2,146,81.8
S1021,Linda Anderson,Mechanical Engineering,8,2025-2026,CAD/CAM,82.7,19.8,19.1,51.1,64.9,73.5,5.98,13.1,136,59.2
S1020,Michael Johnson,Civil Engineering,1,2025-2026,Transportation Engineering,85.0,22.7,25.8,64.1,78.0,59.8,8.24,17.3,78,82.0
S1036,Meera Joshi,Information Technology,6,2025-2026,Information Security,72.7,15.5,18.7,55.0,38.9,47.4,5.83,2.4,154,62.0
S1084,Kavya Nair,Information Technology,8,2025-2026,Information Security,78.8,13.7,13.9,47.9,43.0,62.7,6.15,8.6,88,55.7
S1095,Michael Johnson,Civil Engineering,5,2025-2026,Geotechnical Engineering,79.9,18.5,13.6,48.0,66.7,36.3,6.05,3.5,137,60.3
S1037,Arjun Singh,Electrical Engineering,6,2025-2026,Power Electronics,81.8,19.0,18.1,47.3,47.0,45.7,8.2,4.6,120,55.2
S1022,Ishaan Verma,Computer Science,8,2025-2026,Database Management Systems,82.2,25.7,26.2,77.8,,90.9,7.85,24.8,171,78.6
S1041,Sarah Wilson,Computer Science,2,2025-2026,Mathematics,87.8,23.8,22.8,61.6,59.2,73.3,8.67,12.0,56,66.1
S1067,Vivaan Kapoor,Information Technology,8,2025-2026,Information Security,78.4,22.9,17.9,50.1,68.2,52.4,6.22,19.9,38,64.6
S1123,Meera Joshi,Computer Science,2,2025-2026,Data Structures,77.0,17.2,19.5,57.6,84.4,73.0,6.58,16.6,127,74.8
S1134,Sarah Wilson,Electrical Engineering,4,2025-2026,Control Systems,90.9,22.0,19.7,62.0,72.6,74.3,7.95,21.9,51,68.2
S1018,Ishaan Verma,Electrical Engineering,3,2025-2026,Signals and Systems,96.0,28.7,23.2,55.5,86.8,83.1,7.13,24.2,118,70.4
S1111,Emily Davis,Mechanical Engineering,2,2025-2026,Fluid Mechanics,80.4,20.0,17.6,66.8,75.8,44.7,6.17,10.0,147,69.8
S1068,Robert Thomas,Electrical Engineering,4,2025-2026,mathematics,88.7,26.2,23.9,73.1,93.6,92.2,9.51,22.6,164,86.2
S1098,Ishaan Verma,Electrical Engineering,8,2025-2026,Signals and Systems,90.7,24.1,26.2,82.4,78.9,85.3,8.29,22.3,63,88.4
S1137,Sarah Wilson,Civil Engineering,2,2025-2026,Transportation Engineering,84.2,20.4,16.1,52.6,63.1,61.8,6.45,14.7,75,58.0
S1047,David Miller,Information Technology,3,2025-2026,Computer Networks,85.6,19.5,22.6,60.9,60.5,75.7,8.67,18.2,21,68.6
S1094,Rohan Das,Electrical Engineering,5,2025-2026,Control Systems,76.3,18.7,17.8,61.9,72.0,73.6,6.72,19.7,79,59.5
S1040,Patricia Jackson,Information Technology,8,2025-2026,Web Development,73.6,16.8,21.7,45.5,54.5,49.3,6.87,7.7,119,59.5
S1139,Aditya Patel,Civil Engineering,4,2025-2026,Transportation Engineering ,80.9,23.2,17.7,48.9,80.3,76.1,8.38,10.1,138,60.0
S1009,David Miller,Computer Science,3,2025-2026,Machine Learning ,71.9,20.9,16.4,47.4,71.5,71.2,9.68,2.4,157,52.1
S1041,Sarah Wilson,Computer Science,2,2025-2026,Database Management Systems,80.3,22.6,20.9,65.6,52.6,66.0,8.67,12.0,56,74.6
S1102,Ishaan Verma,Civil Engineering,7,2025-2026,Surveying ,85.4,20.3,23.5,79.6,77.6,70.2,9.2,19.7,45,78.7
S1131,Robert Thomas,Electrical Engineering,6,2025-2026,Control Systems,93.3,20.4,23.2,70.2,71.0,76.1,8.97,23.5,18,87.9
S1107,Krishna Reddy,Information Technology,7,2025-2026,Web Development,81.3,16.6,23.9,53.3,64.2,67.1,8.38,14.3,37,60.5
S1069,Tanvi Bose,Civil Engineering,6,2025-2026,Surveying,75.2,22.8,18.2,64.7,68.8,46.9,7.2,9.2,164,61.4
S1004,Arjun Singh,Computer Science,4,2025-2026,Programming in C,80.8,21.7,27.4,83.8,73.5,88.9,8.35,22.0,172,92.6
S1119,Sanya Malhotra,Computer Science,5,2025-2026,Database Management Systems,92.6,18.0,19.1,57.0,61.6,75.2,6.73,11.3,176,59.5
S1130,Patricia Jackson,Electrical Engineering,5,2025-2026,Control Systems,93.6,29.2,26.8,58.1,83.8,87.8,9.21,19.4,165,73.7
S1075,Krishna Reddy,Computer Science,5,2025-2026,Data Structures,74.9,15.9,21.4,48.1,65.4,66.4,7.1,5.7,177,54.9
S1033,James Taylor,Mechanical Engineering,3,2025-2026,Mathematics,93.5,23.6,21.7,60.1,68.7,71.2,7.32,23.1,106,77.5
S1028,Sanya Malhotra,Civil Engineering,8,2025-2026,Transportation Engineering,87.9,19.6,17.7,62.5,80.1,54.2,7.99,15.6,49,74.9
S1082,Arjun Singh,Electrical Engineering,6,2025-2026,Circuit Theory,89.6,24.3,23.0,82.1,75.0,74.1,8.31,12.4,109,80.3
S1097,Ananya Rao,Electrical Engineering,3,2025-2026,Control Systems,80.6,24.2,25.3,73.0,63.8,66.9,7.19,14.2,171,74.3
S1039,Ishaan Verma,Civil Engineering,6,2025-2026,Geotechnical Engineering,87.9,21.4,22.7,76.3,96.7,66.7,9.62,22.1,65,79.8
S1087,Kavya Nair,Civil Engineering,1,2025-2026,Surveying ,87.5,26.2,24.9,80.1,67.4,77.1,7.14,23.5,77,79.0
S1033,James Taylor,Mechanical Engineering,3,2025-2026,Machine Design,87.3,21.4,22.0,73.9,82.1,66.7,7.32,23.1,106,78.1
S1085,Emily Davis,Information Technology,5,2025-2026,Web Development,,20.0,19.5,77.0,86.4,71.2,8.68,19.5,71,82.1
S1101,Aditya Patel,Mechanical Engineering,5,2025-2026,Machine Design,90.4,24.3,18.1,56.3,55.2,66.7,8.97,3.8,163,66.7
S1055,Tanvi Bose,Information Technology,1,2025-2026,Computer Networks,86.0,22.5,16.6,50.4,76.7,75.5,7.64,12.9,83,65.3
S1023,Michael Johnson,Mechanical Engineering,7,2025-2026,Machine Design,81.1,18.4,20.8,63.7,73.8,44.5,7.05,2.5,169,68.4
S1060,Aditya Patel,Electrical Engineering,2,2025-2026,Control Systems,72.8,18.6,19.6,44.6,63.8,43.8,6.18,11.4,30,47.8
S1112,Tanvi Bose,Mechanical Engineering,2,2025-2026,Fluid Mechanics,90.3,21.5,21.1,59.3,69.1,66.4,9.35,11.8,71,71.5
S1105,Vivaan Kapoor,Computer Science,5,2025-2026,Programming in C,79.5,21.5,20.2,46.3,71.6,64.8,8.1,8.2,113,55.0
S1043,Robert Thomas,Civil Engineering,7,2025-2026,Transportation Engineering,80.8,16.9,10.3,50.1,45.4,32.5,5.63,3.3,47,45.6
S1093,Emily Davis,Mechanical Engineering,2,2025-2026,Machine Design,,21.8,18.8,38.5,62.1,73.3,6.91,11.6,115,51.7
S1150,Diya Iyer,Electrical Engineering,4,2025-2026,Signals and Systems,77.0,23.3,22.5,57.5,55.7,54.1,8.3,17.0,18,61.9
S1072,Emily Davis,Civil Engineering,7,2025-2026,Transportation Engineering,84.5,19.1,22.0,64.2,87.6,71.9,8.92,18.6,29,64.8
S1007,Rohan Das,Civil Engineering,6,2025-2026,Transportation Engineering,88.7,17.9,18.8,48.9,58.4,75.8,6.64,12.9,106,55.8
S1062,Krishna Reddy,Information Technology,4,2025-2026,Programming in C,81.2,24.7,18.0,49.5,78.8,69.7,5.74,17.7,134,62.1
S1025,Arjun Singh,Electrical Engineering,7,2025-2026,Power Electronics,83.7,24.1,24.2,64.0,81.3,65.0,6.24,17.3,74,76.5
S1042,Vivaan Kapoor,Computer Science,6,2025-2026,Programming in C,80.2,13.6,16.3,49.5,53.5,40.3,7.42,5.8,59,59.9
S1062,Krishna Reddy,Information Technology,4,2025-2026,Web Development,81.9,22.6,24.5,75.5,57.2,62.5,5.74,17.7,134,78.1
S1061,Diya Iyer,Mechanical Engineering,7,2025-2026,CAD/CAM,92.4,20.9,20.9,67.2,79.1,76.5,8.36,19.9,81,77.9
S1141,Emily Davis,Civil Engineering,1,2025-2026,Mathematics,77.0,21.6,19.1,54.7,52.4,57.8,8.88,3.1,180,59.0
S1001,Ananya Rao,Computer Science,3,2025-2026,Database Management Systems,87.7,22.1,22.5,65.7,72.4,79.9,8.35,18.2,171,74.0
S1101,Aditya Patel,Mechanical Engineering,5,2025-2026,CAD/CAM,84.9,17.9,20.2,70.8,55.9,67.3,8.97,3.8,163,71.5
S1014,Patricia Jackson,Mechanical Engineering,1,2025-2026,Mathematics,94.4,24.3,22.4,76.8,72.4,75.5,9.02,18.1,161,82.6
S1059,Patricia Jackson,Electrical Engineering,3,2025-2026,Circuit Theory,96.7,25.6,21.7,88.6,86.3,84.2,6.99,18.2,178,90.6
S1037,Arjun Singh,Electrical Engineering,6,2025-2026,Mathematics,72.0,17.2,18.6,59.4,73.3,56.8,8.2,4.6,120,67.0
S1033,James Taylor,Mechanical Engineering,3,2025-2026,CAD/CAM,88.3,22.0,22.0,66.5,90.1,76.4,7.32,23.1,106,80.2
S1056,Tanvi Bose,Information Technology,2,2025-2026,Programming in C,77.9,23.7,26.8,47.9,77.5,64.8,6.48,19.0,169,63.0
S1141,Emily Davis,Civil Engineering,1,2025-2026,Geotechnical Engineering,84.8,23.3,20.4,50.1,74.0,64.9,8.88,3.1,180,57.9
S1117,Aarav Sharma,Civil Engineering,5,2025-2026,Transportation Engineering,74.3,17.5,13.3,34.0,47.5,54.5,5.66,5.4,149,46.0
S1076,Jane Smith,Electrical Engineering,4,2025-2026,Power Electronics,86.6,23.6,21.5,74.7,79.7,69.3,8.13,19.8,134,90.2
S1033,James Taylor,Mechanical Engineering,3,2025-2026,Fluid Mechanics,83.6,23.0,20.2,65.7,93.0,76.3,7.32,23.1,106,74.1
S1057,Sanya Malhotra,Computer Science,3,2025-2026,Programming in C,81.2,18.7,17.1,54.7,53.6,59.0,9.29,5.0,49,64.4
S1110,Aarav Sharma,Electrical Engineering,1,2025-2026,Power Electronics,75.1,15.4,14.1,31.2,54.9,46.1,8.91,7.1,17,45.8
S1064,Sanya Malhotra,Electrical Engineering,7,2025-2026,Signals and Systems,87.8,22.3,22.0,70.3,55.0,46.6,6.84,7.6,112,69.8
S1098,Ishaan Verma,Electrical Engineering,8,2025-2026,Mathematics,78.7,19.5,25.3,73.6,63.8,86.0,8.29,22.3,63,81.2
S1149,Sarah Wilson,Computer Science,7,2025-2026,Machine Learning,75.2,15.4,17.0,55.5,49.3,66.6,9.34,6.2,68,61.4
S1113,Arjun Singh,Civil Engineering,7,2025-2026,Geotechnical Engineering,81.8,16.2,14.1,61.4,71.5,53.4,7.83,3.5,80,60.6
S1042,Vivaan Kapoor,Computer Science,6,2025-2026,Machine Learning,82.8,20.9,15.8,45.3,60.9,48.6,7.42,5.8,59,61.2
S1028,Sanya Malhotra,Civil Engineering,8,2025-2026,Surveying,72.4,20.6,23.4,51.6,51.4,52.1,7.99,15.6,49,65.5
S1087,Kavya Nair,Civil Engineering,1,2025-2026,Mathematics,93.6,23.2,25.1,72.3,67.0,79.5,7.14,23.5,77,75.7
S1040,Patricia Jackson,Information Technology,8,2025-2026,Information Security,69.6,21.0,13.6,50.4,59.3,39.2,6.87,7.7,119,64.1
S1106,Vivaan Kapoor,Computer Science,6,2025-2026,Mathematics,92.3,23.2,20.4,65.0,76.1,55.3,8.95,15.2,41,72.4
S1070,Arjun Singh,Civil Engineering,1,2025-2026,Transportation Engineering,72.9,19.4,16.8,56.6,62.8,48.6,5.83,14.1,38,51.9
S1011,Arjun Singh,Computer Science,1,2025-2026,Programming in C,85.2,18.6,18.6,53.9,50.6,67.2,6.3,10.9,126,53.8
S1065,Patricia Jackson,Computer Science,8,2025-2026,Mathematics,87.7,23.3,26.2,70.0,72.1,68.9,6.5,19.1,160,70.3
S1064,Sanya Malhotra,Electrical Engineering,7,2025-2026,Control Systems,73.0,16.3,19.0,61.2,68.6,68.0,6.84,7.6,112,62.6
S1025,Arjun Singh,Electrical Engineering,7,2025-2026,Signals and Systems ,89.0,20.9,19.5,61.5,62.5,50.2,6.24,17.3,74,59.4
S1089,Sanya Malhotra,Electrical Engineering,2,2025-2026,Mathematics,80.5,18.3,23.2,75.0,63.3,52.0,6.23,14.5,150,78.0
S1037,Arjun Singh,Electrical Engineering,6,2025-2026,Control Systems,86.4,20.5,18.6,57.1,66.0,68.3,8.2,4.6,120,71.4
S1113,Arjun Singh,Civil Engineering,7,2025-2026,Mathematics ,67.2,15.6,19.0,44.2,66.4,55.1,7.83,3.5,80,47.6
S1051,Ananya Rao,Computer Science,2,2025-2026,programming in c,82.3,16.9,19.2,59.3,73.8,49.3,8.66,3.8,116,59.4
S1118,Kavya Nair,Information Technology,6,2025-2026,Information Security ,94.9,25.4,25.4,89.1,100.0,73.8,8.88,19.2,149,95.4
S1044,Tanvi Bose,Information Technology,8,2025-2026,Web Development,82.0,21.9,20.7,70.5,75.0,69.0,6.57,15.2,47,71.2
S1114,Meera Joshi,Information Technology,1,2025-2026,Information Security,82.9,23.9,23.4,78.9,78.1,75.5,7.34,21.7,116,78.9
S1137,Sarah Wilson,Civil Engineering,2,2025-2026,Mathematics,89.9,24.2,22.2,54.5,66.4,71.7,6.45,14.7,75,60.5
S1122,Pranav Gupta,Civil Engineering,6,2025-2026,Surveying,89.9,25.0,21.9,73.0,83.9,69.9,7.19,24.5,60,85.2
S1025,Arjun Singh,Electrical Engineering,7,2025-2026,Circuit Theory,73.6,18.3,18.5,57.9,63.8,51.8,6.24,17.3,74,57.5
S1120,Aarav Sharma,Electrical Engineering,6,2025-2026,Mathematics,75.6,17.5,19.9,55.6,56.7,65.2,8.75,11.1,64,54.0
S1067,Vivaan Kapoor,Information Technology,8,2025-2026,Mathematics,83.4,21.9,21.8,44.5,79.6,48.6,6.22,19.9,38,53.7
S1114,Meera Joshi,Information Technology,1,2025-2026,Programming in C,83.2,24.9,25.7,57.0,78.9,76.6,7.34,21.7,116,67.2
S1097,Ananya Rao,Electrical Engineering,3,2025-2026,Mathematics,75.7,24.8,19.3,67.8,62.6,54.7,7.19,14.2,171,71.3
S1084,Kavya Nair,Information Technology,8,2025-2026,Computer Networks,84.5,15.5,19.3,38.8,66.4,64.1,6.15,8.6,88,45.2
S1079,Rohan Das,Civil Engineering,7,2025-2026,Surveying ,82.1,19.4,20.6,61.3,80.2,53.1,7.89,18.6,55,73.0
S1038,Arjun Singh,Electrical Engineering,1,2025-2026,Circuit Theory ,85.1,16.0,14.7,61.2,60.9,68.4,6.98,4.6,130,62.7
S1114,Meera Joshi,Information Technology,1,2025-2026,Mathematics,81.8,27.0,21.0,82.3,80.2,77.6,7.34,21.7,116,86.9
S1040,Patricia Jackson,Information Technology,8,2025-2026,Computer Networks,75.9,21.7,16.9,43.0,63.0,57.9,6.87,7.7,119,46.1
S1108,Meera Joshi,Information Technology,5,2025-2026,Web Development,70.5,20.6,15.7,37.4,43.9,43.3,8.22,9.0,19,40.9
S1037,Arjun Singh,Electrical Engineering,6,2025-2026,Signals and Systems,72.6,14.5,15.8,52.1,63.9,41.4,8.2,4.6,120,67.0
S1081,Sanya Malhotra,Mechanical Engineering,3,2025-2026,CAD/CAM,71.2,14.4,17.4,56.0,58.9,46.1,5.88,10.6,115,64.7
S1073,Emily Davis,Computer Science,7,2025-2026,Mathematics,82.7,16.0,18.2,61.9,72.4,61.8,5.86,7.3,152,62.0
S1149,Sarah Wilson,Computer Science,7,2025-2026,Data Structures,84.4,16.8,16.5,52.8,72.0,52.8,9.34,6.2,68,49.8
S1140,Patricia Jackson,Electrical Engineering,3,2025-2026,Power Electronics,76.7,18.8,19.5,60.3,66.6,74.3,9.46,19.1,38,72.7
S1116,Arjun Singh,Information Technology,1,2025-2026,Web Development,90.7,24.1,22.2,69.6,57.8,58.9,7.93,12.7,88,77.3
S1016,David Miller,Electrical Engineering,2,2025-2026,Control Systems,88.8,18.2,22.3,74.4,60.1,58.0,8.5,10.9,82,73.9
S1136,Emily Davis,Electrical Engineering,6,2025-2026,Circuit Theory,82.5,15.7,16.8,57.3,61.3,52.6,8.6,2.2,144,70.9
S1115, Aarav Sharma,  Information Technology  ,4,2025-2026,Web Development,86.6,45.0,23.2,68.6,63.9,59.3,7.63,16.8,158,84.7
S1121,Emily Davis,Mechanical Engineering,7,2025-2026,Fluid Mechanics,86.0,23.3,24.2,77.6,85.3,69.8,6.21,16.1,155,78.2
S1140,Patricia Jackson,Electrical Engineering,3,2025-2026,Signals and Systems,91.5,24.8,20.2,63.4,74.1,68.1,9.46,19.1,38,70.2
S1036,Meera Joshi,Information Technology,6,2025-2026,Web Development,84.0,15.7,15.3,47.4,55.8,41.3,5.83,2.4,154,51.5
S1039,Ishaan Verma,Civil Engineering,6,2025-2026,transportation engineering,85.7,24.4,25.0,65.9,81.7,82.0,9.62,22.1,65,72.4
S1024,Siddharth Sen,Mechanical Engineering,8,2025-2026,Machine Design,96.1,25.2,28.9,67.6,72.4,85.3,8.74,21.7,75,71.1
S1133,John Doe,Information Technology,5,2025-2026,Programming in C,88.8,19.5,18.4,67.2,63.3,74.8,8.28,9.8,106,73.9
S1100,Pranav Gupta,Mechanical Engineering,5,2025-2026,Mathematics,81.4,17.4,23.4,59.0,68.9,61.1,6.08,16.7,143,65.4
S1065,Patricia Jackson,Computer Science,8,2025-2026,Database Management Systems,78.1,20.6,24.4,78.1,74.9,66.2,6.5,19.1,160,79.4
S1100,Pranav Gupta,Mechanical Engineering,5,2025-2026,CAD/CAM,75.1,20.5,17.6,67.2,60.1,73.6,6.08,16.7,143,70.8
S1096,Ananya Rao,Information Technology,6,2025-2026,Programming in C,87.0,22.3,21.8,72.0,73.9,78.1,9.28,16.6,140,86.9
S1067,Vivaan Kapoor,Information Technology,8,2025-2026,Computer Networks,76.2,18.4,22.7,59.0,77.4,75.2,6.22,19.9,38,55.0
S1089,Sanya Malhotra,Electrical Engineering,2,2025-2026,Signals and Systems,83.9,18.5,22.5,58.5,74.5,63.6,6.23,14.5,150,73.1
S1087,Kavya Nair,Civil Engineering,1,2025-2026,Transportation Engineering,85.9,22.1,19.7,49.5,75.5,71.9,7.14,23.5,77,64.6
S1081,Sanya Malhotra,Mechanical Engineering,3,2025-2026,Thermodynamics,82.2,21.2,22.1,40.4,55.8,70.3,5.88,10.6,115,50.8
S1015,Siddharth Sen,Computer Science,1,2025-2026,Programming in C,83.6,19.8,17.0,61.4,57.6,59.1,6.23,13.7,155,61.5
S1124,Emily Davis,Civil Engineering,3,2025-2026,Mathematics,80.6,17.9,24.8,55.9,73.1,61.2,6.39,18.5,102,70.0
S1066,Ananya Rao,Mechanical Engineering,4,2025-2026,Fluid Mechanics,80.8,15.1,21.9,45.0,50.4,43.2,6.54,14.2,59,59.0
S1028,Sanya Malhotra,Civil Engineering,8,2025-2026,Mathematics,75.6,18.9,16.7,50.9,76.2,50.8,7.99,15.6,49,65.1
S1042,Vivaan Kapoor,Computer Science,6,2025-2026,Data Structures,84.6,17.5,17.4,40.5,67.6,53.6,7.42,5.8,59,51.7
S1147,Ananya Rao,Information Technology,3,2025-2026,Programming in C,83.1,21.2,17.0,68.5,80.5,51.1,9.1,12.6,37,75.0
S1112,Tanvi Bose,Mechanical Engineering,2,2025-2026,Mathematics,78.6,20.3,21.2,56.7,69.7,49.5,9.35,11.8,71,73.7
S1127,Linda Anderson,Mechanical Engineering,5,2025-2026,Machine Design,71.1,15.7,14.0,48.0,37.0,56.2,7.91,5.8,19,52.3
S1109,Meera Joshi,Civil Engineering,6,2025-2026,Surveying,89.9,24.8,26.5,81.8,91.5,70.7,7.06,24.4,125,90.8
S1143,Aarav Sharma,Civil Engineering,2,2025-2026,Mathematics,75.1,21.7,17.4,61.5,70.6,71.2,9.45,7.2,159,57.9
S1054,Aarav Sharma,Civil Engineering,3,2025-2026,Geotechnical Engineering,84.9,21.1,17.5,63.2,80.0,61.6,7.91,17.3,17,63.4
S1136,Emily Davis,Electrical Engineering,6,2025-2026,Power Electronics,76.2,20.6,21.5,37.1,56.5,51.8,8.6,2.2,144,46.4
S1135,Michael Johnson,Electrical Engineering,8,2025-2026,Power Electronics,80.9,15.8,23.2,65.7,60.0,69.4,9.4,4.3,120,71.2
S1060,Aditya Patel,Electrical Engineering,2,2025-2026,Power Electronics,82.4,16.5,13.9,60.2,65.1,37.6,6.18,11.4,30,62.0
S1076,Jane Smith,Electrical Engineering,4,2025-2026,Signals and Systems,78.0,23.1,27.4,67.6,64.6,62.4,8.13,19.8,134,75.2
S1138,David Miller,Computer Science,8,2025-2026,Data Structures,82.6,29.3,26.2,71.5,82.3,69.0,9.16,21.4,174,73.7
S1032,Ishaan Verma,Civil Engineering,7,2025-2026,Transportation Engineering,82.5,23.5,22.0,77.6,62.3,63.6,8.87,12.5,148,85.0
S1044,Tanvi Bose,Information Technology,8,2025-2026,Information Security,77.5,21.5,15.0,57.1,66.8,54.0,6.57,15.2,47,53.5
S1073,Emily Davis,Computer Science,7,2025-2026,Programming in C,82.5,20.4,21.8,53.9,48.9,53.5,5.86,7.3,152,62.6
S1135,Michael Johnson,Electrical Engineering,8,2025-2026,Signals and Systems,78.4,17.0,19.4,49.3,63.0,49.4,9.4,4.3,120,59.2
S1051,Ananya Rao,Computer Science,2,2025-2026,Data Structures,73.1,18.9,15.2,61.9,68.7,61.1,8.66,3.8,116,60.2
S1004,Arjun Singh,Computer Science,4,2025-2026,Data Structures,80.8,26.2,23.2,79.8,90.7,73.8,8.35,22.0,172,83.0
S1018,Ishaan Verma,Electrical Engineering,3,2025-2026,Control Systems,84.2,23.3,27.8,80.6,75.6,125.0,7.13,24.2,118,85.9
S1150,Diya Iyer,Electrical Engineering,4,2025-2026,Control Systems,86.3,17.7,19.5,40.5,60.5,73.9,8.3,17.0,18,54.7
S1046,Linda Anderson,Information Technology,8,2025-2026,Information Security,77.0,21.3,22.5,45.5,68.0,73.9,9.04,15.0,63,57.3
S1011,Arjun Singh,Computer Science,1,2025-2026,Mathematics,78.2,20.1,18.7,50.8,71.3,67.9,6.3,10.9,126,59.7
S1012,Aditya Patel,Mechanical Engineering,7,2025-2026,Thermodynamics,85.6,24.6,25.2,73.1,74.5,68.8,9.79,16.3,64,79.3
S1095,Michael Johnson,Civil Engineering,5,2025-2026,transportation engineering,66.3,17.2,18.7,44.0,39.1,46.1,6.05,3.5,137,58.5
S1032,Ishaan Verma,Civil Engineering,7,2025-2026,Transportation Engineering,82.5,45.0,22.0,77.6,62.3,63.6,8.87,12.5,148,85.0
S1106,Vivaan Kapoor,Computer Science,6,2025-2026,Programming in C,80.9,22.2,23.4,75.1,81.8,71.3,8.95,15.2,41,74.6
S1078,Jane Smith,Computer Science,8,2025-2026,Mathematics,69.4,11.3,13.4,43.7,57.8,41.3,7.21,2.4,85,41.4
S1144,Aarav Sharma,Information Technology,2,2025-2026,Computer Networks,82.9,14.9,17.9,44.1,61.4,48.4,8.13,5.2,94,57.9
S1030,Linda Anderson,Mechanical Engineering,3,2025-2026,CAD/CAM,74.8,14.5,18.7,48.6,47.7,66.8,9.43,7.0,34,63.2
S1059,Patricia Jackson,Electrical Engineering,3,2025-2026,Control Systems,79.6,21.5,22.4,52.7,76.6,80.5,6.99,18.2,178,69.5
S1048,Ishaan Verma,Mechanical Engineering,2,2025-2026,Thermodynamics,75.8,18.5,12.1,44.6,57.7,58.5,6.75,3.1,84,42.6
S1043,Robert Thomas,Civil Engineering,7,2025-2026,Structural Analysis,63.7,14.6,12.5,35.5,40.9,24.2,5.63,3.3,47,46.9
S1014,Patricia Jackson,Mechanical Engineering,1,2025-2026,CAD/CAM,81.9,21.8,27.4,84.9,75.2,73.9,9.02,18.1,161,87.3
S1002,Tanvi Bose,Computer Science,4,2025-2026,Programming in C,71.2,17.7,13.8,60.9,51.0,125.0,5.8,16.5,32,66.1
S1033,James Taylor,Mechanical Engineering,3,2025-2026,Thermodynamics,78.2,25.0,24.9,70.5,63.6,64.9,7.32,23.1,106,69.8
S1068,Robert Thomas,Electrical Engineering,4,2025-2026,Circuit Theory,88.4,26.7,29.2,69.3,81.2,89.7,9.51,22.6,164,83.1
S1140,Patricia Jackson,Electrical Engineering,3,2025-2026,Control Systems,94.3,25.2,20.3,68.0,71.3,66.4,9.46,19.1,38,79.2
S1067,Vivaan Kapoor,Information Technology,8,2025-2026,Web Development,85.3,18.1,24.2,58.3,72.2,73.8,6.22,19.9,38,56.4
S1055,Tanvi Bose,Information Technology,1,2025-2026,Web Development,78.0,16.2,18.7,66.2,64.5,63.4,7.64,12.9,83,69.6
S1061,Diya Iyer,Mechanical Engineering,7,2025-2026,Thermodynamics,78.1,25.4,22.6,76.2,82.6,62.8,8.36,19.9,81,81.5
S1147,Ananya Rao,Information Technology,3,2025-2026,Information Security,89.3,19.9,21.2,48.1,66.5,55.3,9.1,12.6,37,61.1
S1130,Patricia Jackson,Electrical Engineering,5,2025-2026,Signals and Systems,87.8,45.0,22.8,75.0,94.9,81.3,9.21,19.4,165,78.7
S1014,Patricia Jackson,Mechanical Engineering,1,2025-2026,Thermodynamics,96.0,24.1,23.5,81.4,86.3,94.3,9.02,18.1,161,84.9
S1122,Pranav Gupta,Civil Engineering,6,2025-2026,Geotechnical Engineering,83.6,26.6,27.0,64.8,75.6,76.3,7.19,24.5,60,77.2
S1077,Aarav Sharma,Electrical Engineering,3,2025-2026,Circuit Theory,85.8,22.0,18.7,62.0,76.3,54.5,7.07,16.3,35,60.7
S1027,Robert Thomas,Electrical Engineering,4,2025-2026,Signals and Systems,95.1,26.8,22.8,82.1,70.4,70.7,9.46,17.8,107,90.3
S1058,David Miller,Mechanical Engineering,7,2025-2026,Fluid Mechanics,73.3,22.4,22.7,65.4,58.9,52.6,8.93,9.0,98,61.6
S1126,Meera Joshi,Electrical Engineering,1,2025-2026,Circuit Theory,81.0,21.8,19.4,51.5,79.0,76.2,7.17,23.6,73,66.8
S1048,Ishaan Verma,Mechanical Engineering,2,2025-2026,Machine Design,79.0,17.3,13.7,44.1,40.5,46.9,6.75,3.1,84,53.2
S1053,Meera Joshi,Civil Engineering,8,2025-2026,Structural Analysis,74.6,17.1,18.1,,60.2,64.3,8.72,9.1,79,59.3
S1043,Robert Thomas,Civil Engineering,7,2025-2026,Geotechnical Engineering,66.9,16.0,10.1,30.0,45.5,32.0,5.63,3.3,47,28.9
S1076,Jane Smith,Electrical Engineering,4,2025-2026,Control Systems,83.1,22.1,22.5,71.9,66.5,72.4,8.13,19.8,134,83.0
S1147,Ananya Rao,Information Technology,3,2025-2026,Web Development,72.8,17.0,18.8,51.8,78.5,65.6,9.1,12.6,37,51.4
S1137,Sarah Wilson,Civil Engineering,2,2025-2026,Structural Analysis,77.6,22.5,19.1,53.5,54.8,58.0,6.45,14.7,75,65.0
S1017,Meera Joshi,Mechanical Engineering,3,2025-2026,Fluid Mechanics ,69.1,13.3,17.7,31.2,61.1,38.4,7.06,5.2,38,39.6
S1001,Ananya Rao,Computer Science,3,2025-2026,Data Structures,96.3,26.0,26.7,73.2,87.8,75.4,8.35,18.2,171,83.8
S1119,Sanya Malhotra,Computer Science,5,2025-2026,Programming in C,86.3,24.5,19.1,56.6,71.5,65.1,6.73,11.3,176,64.1
S1106,Vivaan Kapoor,Computer Science,6,2025-2026,Data Structures,81.3,21.9,21.0,63.4,66.2,68.7,8.95,15.2,41,69.9
S1109,Meera Joshi,Civil Engineering,6,2025-2026,Transportation Engineering,98.3,28.4,27.5,72.3,74.8,86.1,7.06,24.4,125,83.1
S1087,Kavya Nair,Civil Engineering,1,2025-2026,Structural Analysis,88.2,22.6,22.3,76.7,91.6,70.5,7.14,23.5,77,82.9
S1099,Michael Johnson,Mechanical Engineering,1,2025-2026,Mathematics ,82.1,16.0,19.0,52.7,75.6,43.4,6.99,7.9,107,61.0
S1113,Arjun Singh,Civil Engineering,7,2025-2026,Surveying,66.6,13.3,15.8,40.4,67.0,37.4,7.83,3.5,80,52.0
S1046,Linda Anderson,Information Technology,8,2025-2026,Mathematics,83.0,21.8,22.7,46.5,64.6,70.9,9.04,15.0,63,62.3
S1026,Aarav Sharma,Mechanical Engineering,2,2025-2026,CAD/CAM,80.4,23.1,24.9,52.5,78.6,75.3,9.44,13.9,71,66.3
S1062,Krishna Reddy,Information Technology,4,2025-2026,Mathematics,90.3,25.1,19.6,57.6,86.5,53.5,5.74,17.7,134,74.4
S1061,Diya Iyer,Mechanical Engineering,7,2025-2026,Mathematics,84.8,25.5,20.1,64.9,63.7,74.0,8.36,19.9,81,62.6
S1055,Tanvi Bose,Information Technology,1,2025-2026,Information Security,73.0,18.3,19.0,50.2,49.9,70.5,7.64,12.9,83,63.0
S1003,Diya Iyer,Electrical Engineering,2,2025-2026,Power Electronics,79.8,20.4,20.5,49.8,67.9,57.2,6.03,9.9,176,51.4
S1090,Meera Joshi,Electrical Engineering,1,2025-2026,power electronics,81.5,20.9,21.4,66.0,76.9,82.7,9.25,15.6,141,73.7
S1122,Pranav Gupta,Civil Engineering,6,2025-2026,Mathematics,87.9,22.7,27.2,69.9,82.4,62.0,7.19,24.5,60,74.7
S1132,Emily Davis,Computer Science,7,2025-2026,Mathematics,77.4,13.5,15.3,57.5,47.9,54.7,6.07,7.3,71,59.9
S1048,Ishaan Verma,Mechanical Engineering,2,2025-2026,CAD/CAM,84.4,13.4,12.6,57.8,62.7,55.0,6.75,3.1,84,57.3
S1006,Aarav Sharma,Information Technology,1,2025-2026,Web Development,83.7,21.7,18.9,67.4,,68.9,6.81,8.1,145,73.1
S1020,Michael Johnson,Civil Engineering,1,2025-2026,Surveying,87.7,21.7,21.4,61.6,81.0,77.2,8.24,17.3,78,66.0
S1012,Aditya Patel,Mechanical Engineering,7,2025-2026,CAD/CAM,94.4,23.1,22.2,69.1,86.6,73.0,9.79,16.3,64,67.9
S1130,Patricia Jackson,Electrical Engineering,5,2025-2026,Mathematics ,98.5,26.8,28.2,71.9,89.2,76.4,9.21,19.4,165,87.0
S1086,Ananya Rao,Civil Engineering,8,2025-2026,Structural Analysis,86.2,18.9,18.1,59.5,72.0,56.1,8.63,2.8,174,55.1
S1018,Ishaan Verma,Electrical Engineering,3,2025-2026,Mathematics,83.4,26.4,28.0,77.3,83.9,76.9,7.13,24.2,118,82.9
S1063,John Doe,Electrical Engineering,8,2025-2026,Circuit Theory,72.7,20.7,19.8,31.5,51.2,55.5,8.23,7.9,53,44.2
S1129,Vivaan Kapoor,Computer Science,7,2025-2026,machine learning,68.2,17.4,17.7,50.0,40.4,59.6,7.44,4.8,101,63.0
S1129,Vivaan Kapoor,Computer Science,7,2025-2026,Data Structures,77.1,17.0,16.2,57.0,57.6,60.2,7.44,4.8,101,55.8
S1149,Sarah Wilson,Computer Science,7,2025-2026,Database Management Systems,77.4,18.8,16.6,51.1,63.4,50.9,9.34,6.2,68,58.2
S1034,Pranav Gupta,Civil Engineering,3,2025-2026,Transportation Engineering,80.3,20.3,24.5,77.4,62.4,60.8,5.66,19.7,168,79.9
S1084,Kavya Nair,Information Technology,8,2025-2026,Mathematics,71.1,19.2,16.1,42.4,46.8,55.0,6.15,8.6,88,52.1
S1062,Krishna Reddy,Information Technology,4,2025-2026,Information Security,85.6,18.9,17.7,46.7,82.2,67.2,5.74,17.7,134,58.5
S1093,Emily Davis,Mechanical Engineering,2,2025-2026,Fluid Mechanics,81.3,17.3,21.8,,64.0,49.5,6.91,11.6,115,57.5
S1124,Emily Davis,Civil Engineering,3,2025-2026,Structural Analysis,82.9,25.0,19.3,54.8,73.9,56.8,6.39,18.5,102,70.1
S1074,Krishna Reddy,Electrical Engineering,2,2025-2026,Signals and Systems,87.1,22.2,20.3,46.9,84.5,70.6,9.51,9.2,124,59.0
S1132,Emily Davis,Computer Science,7,2025-2026,Programming in C,82.9,12.8,13.7,60.2,50.4,38.4,6.07,7.3,71,61.9
S1149,Sarah Wilson,Computer Science,7,2025-2026,Mathematics,76.3,19.7,18.7,49.4,74.6,61.5,9.34,6.2,68,52.4
S1068,Robert Thomas,Electrical Engineering,4,2025-2026,signals and systems,92.1,30.0,29.0,76.0,90.3,94.7,9.51,22.6,164,78.8
S1125,Patricia Jackson,Electrical Engineering,5,2025-2026,Signals and Systems,66.4,12.6,14.3,40.8,38.5,33.1,6.32,3.7,104,48.8
S1015,Siddharth Sen,Computer Science,1,2025-2026,Database Management Systems,84.7,24.0,23.3,60.4,77.4,51.4,6.23,13.7,155,58.1
S1081,Sanya Malhotra,Mechanical Engineering,3,2025-2026,Machine Design,87.4,17.7,18.4,53.8,69.0,70.9,5.88,10.6,115,67.2
S1119,Sanya Malhotra,Computer Science,5,2025-2026,Machine Learning,75.1,17.9,22.7,49.2,68.9,50.3,6.73,11.3,176,59.8
S1103,Michael Johnson,Electrical Engineering,4,2025-2026,Signals and Systems,79.5,17.7,12.6,53.1,48.5,36.6,6.44,4.2,22,55.5
S1135,Michael Johnson,Electrical Engineering,8,2025-2026,Circuit Theory,87.5,21.5,20.0,67.8,75.5,59.2,9.4,4.3,120,66.8
S1089,Sanya Malhotra,Electrical Engineering,2,2025-2026,Circuit Theory,91.0,45.0,25.4,51.4,67.6,77.1,6.23,14.5,150,64.6
S1096,Ananya Rao,Information Technology,6,2025-2026,Information Security,112.5,27.0,27.1,79.4,68.6,86.9,9.28,16.6,140,83.1
S1017,Meera Joshi,Mechanical Engineering,3,2025-2026,Machine Design,81.9,15.8,15.9,43.3,40.2,53.5,7.06,5.2,38,42.2
S1019,Robert Thomas,Mechanical Engineering,6,2025-2026,Mathematics,74.3,20.7,17.7,41.9,67.6,66.4,5.66,10.2,109,56.5
S1141,Emily Davis,Civil Engineering,1,2025-2026,Transportation Engineering,85.2,19.7,23.4,58.8,68.2,76.8,8.88,3.1,180,69.4
S1016,David Miller,Electrical Engineering,2,2025-2026,Mathematics,73.7,16.2,22.2,52.6,72.1,51.6,8.5,10.9,82,60.7
S1078,Jane Smith,Computer Science,8,2025-2026,Data Structures,80.7,17.4,13.7,41.1,48.2,53.0,7.21,2.4,85,47.1
S1091,Sanya Malhotra,Mechanical Engineering,1,2025-2026,Mathematics,85.4,19.6,24.2,60.1,74.3,78.5,7.5,18.1,109,75.1
S1102,Ishaan Verma,Civil Engineering,7,2025-2026,Geotechnical Engineering,80.2,22.5,22.5,71.8,83.0,79.4,9.2,19.7,45,82.6
S1116,Arjun Singh,Information Technology,1,2025-2026,Programming in C,77.5,20.1,20.2,,54.1,62.0,7.93,12.7,88,68.6
S1098,Ishaan Verma,Electrical Engineering,8,2025-2026,Power Electronics,88.4,22.4,20.6,88.2,92.9,60.3,8.29,22.3,63,86.9
S1111,Emily Davis,Mechanical Engineering,2,2025-2026,Mathematics,86.7,16.2,16.8,58.4,67.2,53.8,6.17,10.0,147,70.1
S1123,Meera Joshi,Computer Science,2,2025-2026,Programming in C,79.8,21.8,19.9,55.2,69.6,57.4,6.58,16.6,127,63.9
S1039,Ishaan Verma,Civil Engineering,6,2025-2026,Surveying,96.4,28.8,28.7,69.5,100.0,71.6,9.62,22.1,65,81.2
S1054,Aarav Sharma,Civil Engineering,3,2025-2026,Surveying,82.2,21.5,18.3,57.3,66.5,73.3,7.91,17.3,17,56.4
S1013,Tanvi Bose,Information Technology,1,2025-2026,Web Development,78.2,19.7,18.0,55.7,62.8,69.0,9.01,13.4,68,72.0
S1019,Robert Thomas,Mechanical Engineering,6,2025-2026,Machine Design,70.0,17.3,14.9,45.2,63.6,54.6,5.66,10.2,109,55.6
S1070,Arjun Singh,Civil Engineering,1,2025-2026,Mathematics,79.0,15.1,14.0,52.9,59.9,51.1,5.83,14.1,38,62.9
S1144,Aarav Sharma,Information Technology,2,2025-2026,Information Security,71.4,17.5,13.6,47.5,48.3,65.2,8.13,5.2,94,45.7
S1096,Ananya Rao,Information Technology,6,2025-2026,Web Development,88.5,27.5,25.9,63.9,71.5,89.7,9.28,16.6,140,80.2
S1077,Aarav Sharma,Electrical Engineering,3,2025-2026,Power Electronics,78.1,19.7,19.7,42.3,73.3,68.6,7.07,16.3,35,51.6
S1105,Vivaan Kapoor,Computer Science,5,2025-2026,Mathematics,75.7,22.3,17.3,47.9,49.1,55.5,8.1,8.2,113,59.4
S1150,Diya Iyer,Electrical Engineering,4,2025-2026,Power Electronics,89.7,21.7,20.7,61.0,57.2,74.8,8.3,17.0,18,73.6
S1011,Arjun Singh,Computer Science,1,2025-2026,Database Management Systems,78.4,22.1,18.1,36.1,69.3,62.5,6.3,10.9,126,50.2
S1043,Robert Thomas,Civil Engineering,7,2025-2026,Mathematics,61.7,11.7,11.4,45.3,35.4,29.9,5.63,3.3,47,46.7
S1143,Aarav Sharma,Civil Engineering,2,2025-2026,Surveying,87.6,21.7,22.0,71.9,79.1,75.0,9.45,7.2,159,79.0
S1103,Michael Johnson,Electrical Engineering,4,2025-2026,Mathematics ,64.5,16.4,11.2,39.5,49.8,46.3,6.44,4.2,22,33.9
S1088,Siddharth Sen,Mechanical Engineering,2,2025-2026,Thermodynamics,81.2,18.2,19.1,64.6,65.3,57.8,6.27,3.8,108,61.4
S1080,Pranav Gupta,Mechanical Engineering,1,2025-2026,Mathematics,81.1,24.0,23.2,58.4,73.9,78.0,7.43,20.7,64,70.1
S1115,Aarav Sharma,Information Technology,4,2025-2026,Mathematics,96.2,27.6,25.5,64.5,78.4,82.0,7.63,16.8,158,72.4
S1061,Diya Iyer,Mechanical Engineering,7,2025-2026,Machine Design,92.3,23.0,22.7,51.2,84.6,61.8,8.36,19.9,81,64.9
S1056,Tanvi Bose,Information Technology,2,2025-2026,Mathematics,80.2,25.5,22.0,74.4,75.7,76.4,6.48,19.0,169,83.7
S1079,Rohan Das,Civil Engineering,7,2025-2026,transportation engineering,87.4,18.1,21.3,71.1,58.9,64.1,7.89,18.6,55,82.8
S1056,Tanvi Bose,Information Technology,2,2025-2026,Web Development,81.6,22.8,21.1,77.3,73.7,87.0,6.48,19.0,169,79.4
S1042,Vivaan Kapoor,Computer Science,6,2025-2026,Mathematics ,75.2,16.8,20.0,61.6,52.3,35.5,7.42,5.8,59,63.0
S1079,Rohan Das,Civil Engineering,7,2025-2026,Geotechnical Engineering,74.2,21.9,24.6,63.7,67.3,51.5,7.89,18.6,55,64.6
S1008,Michael Johnson,Mechanical Engineering,5,2025-2026,CAD/CAM,75.3,23.7,23.8,66.8,72.8,61.5,9.38,10.1,75,69.3
S1015,Siddharth Sen,Computer Science,1,2025-2026,Data Structures,86.0,20.2,22.7,59.6,82.9,76.3,6.23,13.7,155,72.4
S1121,Emily Davis,Mechanical Engineering,7,2025-2026,cad/cam,77.9,23.8,20.3,55.8,81.3,62.6,6.21,16.1,155,71.5
S1134,Sarah Wilson,Electrical Engineering,4,2025-2026,Mathematics,93.8,25.6,24.7,76.9,64.4,63.1,7.95,21.9,51,85.0
S1050,Rohan Das,Mechanical Engineering,3,2025-2026,CAD/CAM,84.5,22.0,24.9,70.4,82.1,81.7,9.23,24.0,68,84.7
S1007,Rohan Das,Civil Engineering,6,2025-2026,Structural Analysis,83.6,22.1,18.0,55.5,73.9,69.5,6.64,12.9,106,66.8
S1144,Aarav Sharma,Information Technology,2,2025-2026,Mathematics,83.9,17.9,17.9,66.1,69.9,41.8,8.13,5.2,94,63.6
S1002,Tanvi Bose,Computer Science,4,2025-2026,Machine Learning,76.4,20.8,20.8,49.1,60.1,53.0,,16.5,32,59.9
S1029,Patricia Jackson,Computer Science,4,2025-2026,Mathematics,83.6,17.1,22.1,57.8,,56.0,5.87,6.8,180,53.4
S1108,Meera Joshi,Information Technology,5,2025-2026,Information Security,70.7,20.0,14.9,30.7,57.7,64.9,8.22,9.0,19,42.9
S1129,Vivaan Kapoor,Computer Science,7,2025-2026,Database Management Systems,80.1,21.0,21.1,50.1,72.2,41.3,7.44,4.8,101,51.0
S1088,Siddharth Sen,Mechanical Engineering,2,2025-2026,CAD/CAM,82.6,14.5,18.9,39.5,45.3,50.5,6.27,3.8,108,52.3
S1139,Aditya Patel,Civil Engineering,4,2025-2026,Surveying,87.2,24.6,22.1,74.7,84.8,52.3,8.38,10.1,138,72.3
S1019,Robert Thomas,Mechanical Engineering,6,2025-2026,Fluid Mechanics,85.3,19.9,18.2,54.9,59.1,60.3,5.66,10.2,109,66.7
S1038,Arjun Singh,Electrical Engineering,1,2025-2026,Signals and Systems,73.7,16.0,14.2,,65.8,50.4,6.98,4.6,130,42.7
S1027,Robert Thomas,Electrical Engineering,4,2025-2026,Circuit Theory,94.2,24.1,26.2,81.2,93.9,86.8,9.46,17.8,107,82.6
S1099,Michael Johnson,Mechanical Engineering,1,2025-2026,CAD/CAM,70.3,20.0,15.6,55.8,53.4,56.4,6.99,7.9,107,54.6
S1007,Rohan Das,Civil Engineering,6,2025-2026,Surveying,82.0,23.3,19.0,56.3,70.9,68.0,6.64,12.9,106,55.8
S1125,Patricia Jackson,Electrical Engineering,5,2025-2026,Power Electronics,83.4,18.5,15.0,44.1,51.3,42.7,6.32,3.7,104,43.4
S1119,Sanya Malhotra,Computer Science,5,2025-2026,Mathematics,77.7,20.3,22.9,57.0,57.4,53.5,6.73,11.3,176,72.2
S1121,Emily Davis,Mechanical Engineering,7,2025-2026,Thermodynamics,90.4,20.7,19.6,72.0,82.6,67.0,6.21,16.1,155,74.5
S1076,Jane Smith,Electrical Engineering,4,2025-2026,Circuit Theory,97.3,25.2,28.2,63.7,84.1,91.8,8.13,19.8,134,81.7
S1069,Tanvi Bose,Civil Engineering,6,2025-2026,structural analysis,91.2,22.6,20.4,,69.3,79.8,7.2,9.2,164,69.2
S1038,Arjun Singh,Electrical Engineering,1,2025-2026,Mathematics,,20.4,15.4,30.5,42.4,54.6,6.98,4.6,130,44.4
S1032,Ishaan Verma,Civil Engineering,7,2025-2026,Geotechnical Engineering,80.6,24.1,24.3,68.7,76.1,75.0,8.87,12.5,148,70.0
S1056,Tanvi Bose,Information Technology,2,2025-2026,Computer Networks ,95.3,27.3,27.1,55.5,79.9,82.1,6.48,19.0,169,71.7
S1139,Aditya Patel,Civil Engineering,4,2025-2026,Geotechnical Engineering,77.9,24.4,18.5,45.5,65.1,57.9,8.38,10.1,138,57.5
S1086,Ananya Rao,Civil Engineering,8,2025-2026,Mathematics,72.8,18.6,22.0,40.0,66.6,52.4,8.63,2.8,174,54.5
S1024,Siddharth Sen,Mechanical Engineering,8,2025-2026,CAD/CAM,78.7,23.5,21.1,61.4,77.8,86.3,8.74,21.7,75,73.0
S1142,James Taylor,Electrical Engineering,1,2025-2026,Power Electronics,97.1,21.9,21.5,78.4,94.7,69.7,9.41,23.9,16,87.1
S1082,Arjun Singh,Electrical Engineering,6,2025-2026,Power Electronics,75.6,18.6,20.5,49.4,75.5,55.2,8.31,12.4,109,63.0
S1013,Tanvi Bose,Information Technology,1,2025-2026,Information Security,84.6,23.9,19.6,51.1,79.1,76.5,9.01,13.4,68,63.6
S1035,Robert Thomas,Information Technology,1,2025-2026,Programming in C,81.9,24.0,18.1,64.5,65.9,57.6,5.59,19.6,85,63.7
S1066,Ananya Rao,Mechanical Engineering,4,2025-2026,Mathematics,72.4,16.2,19.9,54.9,50.2,69.8,6.54,14.2,59,53.6
S1099,Michael Johnson,Mechanical Engineering,1,2025-2026,Fluid Mechanics,74.1,16.3,21.5,40.3,46.9,46.8,6.99,7.9,107,48.9
S1124,Emily Davis,Civil Engineering,3,2025-2026,Surveying,90.1,22.1,25.6,77.2,85.9,53.7,6.39,18.5,102,77.6
S1048,Ishaan Verma,Mechanical Engineering,2,2025-2026,Fluid Mechanics,75.5,13.3,12.9,58.4,43.1,32.9,6.75,3.1,84,57.3
S1103,Michael Johnson,Electrical Engineering,4,2025-2026,Power Electronics,70.6,16.5,15.9,37.9,47.3,38.2,6.44,4.2,22,36.2
S1112,Tanvi Bose,Mechanical Engineering,2,2025-2026,Machine Design,87.3,21.8,23.1,68.0,73.1,70.5,9.35,11.8,71,71.4
S1070,Arjun Singh,Civil Engineering,1,2025-2026,Structural Analysis,70.2,19.8,18.1,60.1,53.5,40.6,5.83,14.1,38,57.5
S1105,Vivaan Kapoor,Computer Science,5,2025-2026,Programming in C,79.5,21.5,20.2,46.3,71.6,64.8,8.1,8.2,113,55.0
S1085,Emily Davis,Information Technology,5,2025-2026,information security,84.3,25.3,25.5,64.3,77.7,79.3,8.68,19.5,71,79.3
S1043,Robert Thomas,Civil Engineering,7,2025-2026,Surveying,73.6,15.9,15.5,49.4,38.1,27.3,5.63,3.3,47,52.6
S1073,Emily Davis,Computer Science,7,2025-2026,Data Structures,72.4,19.1,20.8,56.2,70.4,43.8,5.86,7.3,152,52.6
S1102,Ishaan Verma,Civil Engineering,7,2025-2026,Structural Analysis,92.5,24.1,25.0,63.7,67.8,68.5,9.2,19.7,45,80.1
S1131,Robert Thomas,Electrical Engineering,6,2025-2026,Circuit Theory,,23.1,27.8,77.8,80.2,89.8,8.97,23.5,18,81.2
S1125,Patricia Jackson,Electrical Engineering,5,2025-2026,Mathematics,77.7,13.6,12.2,59.8,61.2,47.5,6.32,3.7,104,55.8
S1146,Tanvi Bose,Mechanical Engineering,1,2025-2026,CAD/CAM,82.7,22.4,21.3,57.7,74.8,66.6,7.09,24.8,67,66.9
S1093,Emily Davis,Mechanical Engineering,2,2025-2026,Thermodynamics,84.9,21.5,23.8,50.9,57.5,52.0,6.91,11.6,115,54.8
S1100,Pranav Gupta,Mechanical Engineering,5,2025-2026,Fluid Mechanics,89.0,20.1,19.4,71.5,86.2,63.3,6.08,16.7,143,75.1
S1115,Aarav Sharma,Information Technology,4,2025-2026,Computer Networks,76.9,25.9,22.2,57.5,74.3,73.8,7.63,16.8,158,74.5
S1092,Patricia Jackson,Information Technology,2,2025-2026,Computer Networks,84.8,20.9,16.5,44.8,78.1,46.3,7.3,8.2,118,52.8
S1071,Pranav Gupta,Information Technology,3,2025-2026,Mathematics,89.4,23.6,17.6,59.3,69.3,63.6,7.24,9.2,113,67.2
S1121,Emily Davis,Mechanical Engineering,7,2025-2026,Machine Design,82.7,24.8,19.6,58.2,71.9,69.0,6.21,16.1,155,61.4
S1129,Vivaan Kapoor,Computer Science,7,2025-2026,Mathematics,67.2,18.7,16.5,48.2,41.8,43.8,7.44,4.8,101,47.1
S1083,James Taylor,Civil Engineering,3,2025-2026,Geotechnical Engineering,81.1,19.4,23.7,61.0,76.2,73.7,8.48,17.2,110,69.4
S1039,Ishaan Verma,Civil Engineering,6,2025-2026,Mathematics,91.0,21.3,24.4,71.7,90.6,73.2,9.62,22.1,65,74.0
S1020,Michael Johnson,Civil Engineering,1,2025-2026,Structural Analysis,93.6,22.6,21.3,75.7,82.9,81.7,8.24,17.3,78,80.8
S1097,Ananya Rao,Electrical Engineering,3,2025-2026,Circuit Theory,80.3,24.8,23.6,49.6,77.3,61.1,7.19,14.2,171,61.7
S1058,David Miller,Mechanical Engineering,7,2025-2026,Thermodynamics,88.3,22.5,20.4,59.1,71.3,78.9,8.93,9.0,98,69.9
S1029,Patricia Jackson,Computer Science,4,2025-2026,Machine Learning,79.5,17.1,15.6,61.3,67.1,68.6,5.87,6.8,180,65.7
S1140,Patricia Jackson,Electrical Engineering,3,2025-2026,Mathematics,86.2,25.5,25.8,72.1,66.3,73.8,9.46,19.1,38,83.3
S1004,Arjun Singh,Computer Science,4,2025-2026,Machine Learning,89.2,45.0,27.9,80.3,99.0,85.8,8.35,22.0,172,79.1
S1052,Meera Joshi,Computer Science,5,2025-2026,Data Structures,75.8,19.4,24.4,69.0,80.7,56.0,8.61,20.9,17,68.3
S1075,Krishna Reddy,Computer Science,5,2025-2026,Machine Learning,83.0,20.6,18.4,59.3,60.7,69.0,7.1,5.7,177,62.4
S1127,Linda Anderson,Mechanical Engineering,5,2025-2026,Mathematics,75.0,15.5,16.7,58.8,39.4,44.1,7.91,5.8,19,60.1
S1059,Patricia Jackson,Electrical Engineering,3,2025-2026,Signals and Systems,87.5,20.8,27.3,81.5,67.6,66.5,6.99,18.2,178,86.5
S1080,Pranav Gupta,Mechanical Engineering,1,2025-2026,Fluid Mechanics,76.2,25.5,24.2,50.1,77.1,67.6,7.43,20.7,64,66.0
S1045,Pranav Gupta,Computer Science,5,2025-2026,Database Management Systems,88.1,26.7,26.3,58.7,84.7,71.8,9.24,21.1,148,75.4
S1030,Linda Anderson,Mechanical Engineering,3,2025-2026,Fluid Mechanics,79.9,20.3,15.3,56.9,72.0,42.8,9.43,7.0,34,64.1
S1124,Emily Davis,Civil Engineering,3,2025-2026,Geotechnical Engineering,92.4,19.6,20.3,79.4,78.7,67.7,6.39,18.5,102,82.9
S1140,Patricia Jackson,Electrical Engineering,3,2025-2026,Circuit Theory,78.9,18.9,25.4,48.9,75.8,73.3,9.46,19.1,38,62.2
S1092,Patricia Jackson,Information Technology,2,2025-2026,Information Security,73.1,16.1,15.0,45.7,66.7,60.9,7.3,8.2,118,58.9
S1046,Linda Anderson,Information Technology,8,2025-2026,programming in c,75.4,24.3,21.5,70.8,82.3,58.3,9.04,15.0,63,75.2
S1149,Sarah Wilson,Computer Science,7,2025-2026,Programming in C,73.6,14.5,19.1,56.4,51.2,69.6,9.34,6.2,68,52.6
S1101,Aditya Patel,Mechanical Engineering,5,2025-2026,Mathematics,76.1,23.0,19.3,53.6,59.9,46.3,8.97,3.8,163,61.0
S1144,Aarav Sharma,Information Technology,2,2025-2026,Web Development,70.9,19.0,20.6,46.7,58.2,51.7,8.13,5.2,94,46.2
S1002,Tanvi Bose,Computer Science,4,2025-2026,Data Structures,84.8,19.6,21.3,59.0,53.8,70.9,5.8,16.5,32,67.5
S1077,Aarav Sharma,Electrical Engineering,3,2025-2026,Mathematics,81.3,19.5,19.2,54.1,69.8,65.0,7.07,16.3,35,61.1
S1039,Ishaan Verma,Civil Engineering,6,2025-2026,Structural Analysis,89.0,24.6,24.7,58.3,93.9,74.4,9.62,22.1,65,75.3
S1104,John Doe,Information Technology,8,2025-2026,Mathematics,86.0,16.3,21.1,60.4,59.8,57.9,7.81,5.8,102,69.1
S1034,Pranav Gupta,Civil Engineering,3,2025-2026,Structural Analysis,92.0,23.4,26.7,61.1,77.6,86.1,5.66,19.7,168,69.5
S1028, Sanya Malhotra,  Civil Engineering  ,8,2025-2026,Structural Analysis,90.0,22.4,18.0,59.4,84.6,66.8,7.99,15.6,49,66.6
S1105,Vivaan Kapoor,Computer Science,5,2025-2026,Database Management Systems,79.9,18.4,16.8,61.9,74.1,66.4,8.1,8.2,113,64.0
S1096,Ananya Rao,Information Technology,6,2025-2026,Mathematics,84.9,23.9,26.8,73.8,95.8,64.4,9.28,16.6,140,79.2
S1066,Ananya Rao,Mechanical Engineering,4,2025-2026,Machine Design,75.1,20.2,18.3,55.8,58.4,57.3,6.54,14.2,59,69.5
S1072,Emily Davis,Civil Engineering,7,2025-2026,Surveying,75.3,19.9,24.0,70.6,66.8,59.3,8.92,18.6,29,72.4
S1057,Sanya Malhotra,Computer Science,3,2025-2026,Machine Learning,87.6,19.4,17.4,57.3,53.2,60.9,9.29,5.0,49,56.6
S1145,Krishna Reddy,Civil Engineering,3,2025-2026,Geotechnical Engineering,82.8,18.7,22.5,48.7,56.0,75.8,6.56,18.9,40,62.8
S1093,Emily Davis,Mechanical Engineering,2,2025-2026,Mathematics,85.5,-2.5,22.5,53.1,56.9,47.3,6.91,11.6,115,67.4
S1146,Tanvi Bose,Mechanical Engineering,1,2025-2026,Fluid Mechanics,84.0,23.7,25.0,58.1,73.7,65.4,7.09,24.8,67,64.9
S1098,Ishaan Verma,Electrical Engineering,8,2025-2026,Circuit Theory,78.0,20.2,26.7,80.2,70.3,73.5,8.29,22.3,63,81.3
